away,date_utc,espn_id,home,season,away_name,away_score,home_name,home_score,ml_away,ml_away_close,ml_away_open,ml_home,ml_home_close,ml_home_open,neutral,odds_provider,odds_providers_n,over_price,periods,result_type,sp_price_away,sp_price_home,spread_home,status_detail,total,under_price
SJ,2022-10-07T18:00Z,401458590,NSH,2022,San Jose Sharks,1,Nashville Predators,4,235,,,-115,,,True,DraftKings,14,100,3,REG,-155,135,-1.5,Final,6.0,-120
NSH,2022-10-08T18:00Z,401458591,SJ,2022,Nashville Predators,3,San Jose Sharks,2,-110,,,215,,,True,DraftKings,14,-110,3,REG,145,-170,1.5,Final,6.0,-110
TB,2022-10-11T23:30Z,401458593,NYR,2022,Tampa Bay Lightning,1,New York Rangers,3,160,,,130,,,False,DraftKings,13,-105,3,REG,-255,215,-1.5,Final,5.5,-115
VGK,2022-10-12T02:00Z,401458592,LA,2022,Vegas Golden Knights,4,Los Angeles Kings,3,150,,,130,,,False,DraftKings,13,100,3,REG,-245,205,-1.5,Final,6.5,-120
CBJ,2022-10-12T23:00Z,401458595,CAR,2022,Columbus Blue Jackets,1,Carolina Hurricanes,4,350,,,-170,,,False,DraftKings,13,100,3,REG,-110,-110,-1.5,Final,6.5,-120
TOR,2022-10-12T23:00Z,401458598,MTL,2022,Toronto Maple Leafs,3,Montreal Canadiens,4,-160,,,310,,,False,DraftKings,12,105,3,REG,-105,-115,1.5,Final,7.0,-125
BOS,2022-10-12T23:00Z,401458599,WSH,2022,Boston Bruins,5,Washington Capitals,2,185,,,110,,,False,DraftKings,13,-115,3,REG,-210,180,-1.5,Final,6.0,-105
CHI,2022-10-13T01:30Z,401458596,COL,2022,Chicago Blackhawks,2,Colorado Avalanche,5,500,,,-255,,,False,DraftKings,13,-120,3,REG,135,-155,-1.5,Final,6.5,100
SEA,2022-10-13T02:00Z,401458594,ANA,2022,Seattle Kraken,4,Anaheim Ducks,5,165,,,125,,,False,DraftKings,13,-120,4,OT,-250,210,-1.5,Final/OT,5.5,100
VAN,2022-10-13T02:00Z,401458597,EDM,2022,Vancouver Canucks,3,Edmonton Oilers,5,240,,,-120,,,False,DraftKings,13,-120,3,REG,-155,135,-1.5,Final,6.5,100
OTT,2022-10-13T23:00Z,401458600,BUF,2022,Ottawa Senators,1,Buffalo Sabres,4,130,,,160,,,False,DraftKings,13,-120,3,REG,210,-250,1.5,Final,6.5,100
NJ,2022-10-13T23:00Z,401458606,PHI,2022,New Jersey Devils,2,Philadelphia Flyers,5,125,,,165,,,False,DraftKings,13,-110,3,REG,200,-240,1.5,Final,6.0,-110
ARI,2022-10-13T23:00Z,401458607,PIT,2022,Arizona Coyotes,2,Pittsburgh Penguins,6,500,,,-260,,,False,DraftKings,13,100,3,REG,135,-155,-1.5,Final,6.5,-120
FLA,2022-10-13T23:30Z,401458604,NYI,2022,Florida Panthers,3,New York Islanders,1,120,,,165,,,False,DraftKings,13,-115,3,REG,180,-210,1.5,Final,6.0,-105
WSH,2022-10-13T23:30Z,401458608,TOR,2022,Washington Capitals,2,Toronto Maple Leafs,3,240,,,-125,,,False,DraftKings,13,115,3,REG,-145,125,-1.5,Final,7.0,-135
NYR,2022-10-14T00:00Z,401458603,MIN,2022,New York Rangers,7,Minnesota Wild,3,175,,,120,,,False,DraftKings,13,-105,3,REG,-225,190,-1.5,Final,6.0,-115
DAL,2022-10-14T00:30Z,401458605,NSH,2022,Dallas Stars,4,Nashville Predators,1,170,,,120,,,False,DraftKings,13,-115,3,REG,-225,190,-1.5,Final,5.5,-105
COL,2022-10-14T01:30Z,401458601,CGY,2022,Colorado Avalanche,3,Calgary Flames,5,165,,,120,,,False,DraftKings,13,100,3,REG,-225,190,-1.5,Final,6.5,-120
CHI,2022-10-14T02:00Z,401458609,VGK,2022,Chicago Blackhawks,0,Vegas Golden Knights,1,475,,,-235,,,False,DraftKings,13,-115,3,REG,125,-145,-1.5,Final,6.5,-105
SEA,2022-10-14T02:30Z,401458602,LA,2022,Seattle Kraken,4,Los Angeles Kings,1,240,,,-120,,,False,DraftKings,13,-125,3,REG,-165,140,-1.5,Final,6.0,105
TB,2022-10-14T23:00Z,401458610,CBJ,2022,Tampa Bay Lightning,5,Columbus Blue Jackets,2,-130,,,270,,,False,DraftKings,13,-115,3,REG,135,-155,1.5,Final,6.0,-105
MTL,2022-10-14T23:00Z,401458611,DET,2022,Montreal Canadiens,0,Detroit Red Wings,3,225,,,-115,,,False,DraftKings,12,-105,3,REG,-175,150,-1.5,Final,6.5,-115
NYR,2022-10-15T00:00Z,401458613,WPG,2022,New York Rangers,1,Winnipeg Jets,4,165,,,115,,,False,DraftKings,13,-110,3,REG,-225,190,-1.5,Final,6.5,-110
CAR,2022-10-15T02:30Z,401458612,SJ,2022,Carolina Hurricanes,2,San Jose Sharks,1,-120,,,245,,,False,DraftKings,13,-110,3,REG,135,-155,1.5,Final,6.0,-110
FLA,2022-10-15T17:00Z,401458615,BUF,2022,Florida Panthers,4,Buffalo Sabres,3,-115,,,240,,,False,DraftKings,13,110,3,REG,125,-145,1.5,Final,7.0,-130
VAN,2022-10-15T20:00Z,401458621,PHI,2022,Vancouver Canucks,2,Philadelphia Flyers,3,110,,,185,,,False,DraftKings,13,-110,3,REG,180,-210,1.5,Final,6.0,-110
ARI,2022-10-15T23:00Z,401458614,BOS,2022,Arizona Coyotes,3,Boston Bruins,6,390,,,-200,,,False,DraftKings,13,-105,3,REG,105,-125,-1.5,Final,6.5,-115
DET,2022-10-15T23:00Z,401458620,NJ,2022,Detroit Red Wings,5,New Jersey Devils,2,215,,,-110,,,False,DraftKings,13,-130,3,REG,-170,145,-1.5,Final,6.5,110
TB,2022-10-15T23:00Z,401458622,PIT,2022,Tampa Bay Lightning,2,Pittsburgh Penguins,6,225,,,-115,,,False,DraftKings,12,-105,3,REG,-175,150,-1.5,Final,6.5,-115
OTT,2022-10-15T23:00Z,401458626,TOR,2022,Ottawa Senators,2,Toronto Maple Leafs,3,280,,,-145,,,False,DraftKings,13,110,3,REG,-130,110,-1.5,Final,7.0,-130
MTL,2022-10-15T23:00Z,401458627,WSH,2022,Montreal Canadiens,1,Washington Capitals,3,425,,,-220,,,False,DraftKings,13,-105,3,REG,110,-130,-1.5,Final,6.5,-115
ANA,2022-10-15T23:30Z,401458619,NYI,2022,Anaheim Ducks,1,New York Islanders,7,240,,,-115,,,False,DraftKings,13,-120,3,REG,-170,145,-1.5,Final,5.5,100
NSH,2022-10-16T00:00Z,401458616,DAL,2022,Nashville Predators,1,Dallas Stars,5,160,,,130,,,False,DraftKings,13,-120,3,REG,-240,200,-1.5,Final,5.5,100
LA,2022-10-16T00:00Z,401458618,MIN,2022,Los Angeles Kings,7,Minnesota Wild,6,230,,,-115,,,False,DraftKings,13,-110,3,REG,-170,145,-1.5,Final,6.0,-110
CBJ,2022-10-16T00:00Z,401458625,STL,2022,Columbus Blue Jackets,2,St. Louis Blues,5,320,,,-165,,,False,DraftKings,13,-110,3,REG,-120,100,-1.5,Final,6.5,-110
CGY,2022-10-16T02:00Z,401458617,EDM,2022,Calgary Flames,4,Edmonton Oilers,3,170,,,115,,,False,DraftKings,13,110,3,REG,-205,175,-1.5,Final,7.0,-130
CHI,2022-10-16T02:00Z,401458623,SJ,2022,Chicago Blackhawks,5,San Jose Sharks,2,185,,,110,,,False,DraftKings,13,-105,3,REG,-205,175,-1.5,Final,6.0,-115
VGK,2022-10-16T02:00Z,401458624,SEA,2022,Vegas Golden Knights,5,Seattle Kraken,2,110,,,190,,,False,DraftKings,13,-110,3,REG,180,-210,1.5,Final,6.5,-110
FLA,2022-10-17T23:00Z,401458628,BOS,2022,Florida Panthers,3,Boston Bruins,5,115,,,175,,,False,DraftKings,12,100,3,REG,190,-225,1.5,Final,6.5,-120
LA,2022-10-17T23:00Z,401458630,DET,2022,Los Angeles Kings,5,Detroit Red Wings,4,130,,,150,,,False,DraftKings,12,-110,4,OT,205,-245,1.5,Final/OT,6.5,-110
PIT,2022-10-17T23:00Z,401458632,MTL,2022,Pittsburgh Penguins,2,Montreal Canadiens,3,-160,,,300,,,False,DraftKings,12,110,4,OT,100,-120,1.5,Final/OT,7.0,-130
ANA,2022-10-17T23:00Z,401458633,NYR,2022,Anaheim Ducks,4,New York Rangers,6,330,,,-160,,,False,DraftKings,12,100,3,REG,-125,105,-1.5,Final,6.0,-120
ARI,2022-10-17T23:00Z,401458635,TOR,2022,Arizona Coyotes,4,Toronto Maple Leafs,2,600,,,-310,,,False,DraftKings,12,105,3,REG,,,,Final,7.0,-125
VAN,2022-10-17T23:00Z,401458636,WSH,2022,Vancouver Canucks,4,Washington Capitals,6,175,,,115,,,False,DraftKings,11,-120,3,REG,-225,190,-1.5,Final,6.0,100
COL,2022-10-18T00:00Z,401458631,MIN,2022,Colorado Avalanche,6,Minnesota Wild,3,130,,,150,,,False,DraftKings,12,-125,3,REG,205,-245,1.5,Final,6.5,105
WPG,2022-10-18T00:30Z,401458629,DAL,2022,Winnipeg Jets,1,Dallas Stars,4,180,,,110,,,False,DraftKings,12,-110,3,REG,-215,185,-1.5,Final,6.0,-110
CAR,2022-10-18T02:00Z,401458634,SEA,2022,Carolina Hurricanes,5,Seattle Kraken,1,-105,,,215,,,False,DraftKings,12,100,3,REG,155,-180,1.5,Final,6.5,-120
VAN,2022-10-18T23:00Z,401458638,CBJ,2022,Vancouver Canucks,3,Columbus Blue Jackets,4,135,,,145,,,False,DraftKings,12,-105,4,OT,-275,230,-1.5,Final/OT,6.5,-115
ANA,2022-10-18T23:00Z,401458642,NJ,2022,Anaheim Ducks,2,New Jersey Devils,4,255,,,-125,,,False,DraftKings,11,-115,3,REG,-155,135,-1.5,Final,6.5,-105
BOS,2022-10-18T23:00Z,401458643,OTT,2022,Boston Bruins,5,Ottawa Senators,7,160,,,120,,,False,DraftKings,12,105,3,REG,-210,180,-1.5,Final,6.5,-125
PHI,2022-10-18T23:00Z,401458644,TB,2022,Philadelphia Flyers,3,Tampa Bay Lightning,2,380,,,-185,,,False,DraftKings,12,-120,3,REG,100,-120,-1.5,Final,6.0,100
SJ,2022-10-18T23:30Z,401458640,NYI,2022,San Jose Sharks,2,New York Islanders,5,250,,,-115,,,False,DraftKings,12,-115,3,REG,-165,140,-1.5,Final,5.5,-105
VGK,2022-10-19T01:00Z,401458637,CGY,2022,Vegas Golden Knights,2,Calgary Flames,3,200,,,100,,,False,DraftKings,12,-105,3,REG,-180,155,-1.5,Final,6.5,-115
BUF,2022-10-19T01:00Z,401458639,EDM,2022,Buffalo Sabres,4,Edmonton Oilers,2,295,,,-155,,,False,DraftKings,12,-110,3,REG,-125,105,-1.5,Final,7.0,-110
LA,2022-10-19T01:30Z,401458641,NSH,2022,Los Angeles Kings,4,Nashville Predators,3,225,,,-110,,,False,DraftKings,12,-110,5,SO,-165,140,-1.5,Final/SO,6.0,-110
PHI,2022-10-19T23:30Z,401458646,FLA,2022,Philadelphia Flyers,3,Florida Panthers,4,425,,,-230,,,False,DraftKings,10,-125,3,REG,115,-135,-1.5,Final,6.5,105
WPG,2022-10-20T00:00Z,401458645,COL,2022,Winnipeg Jets,4,Colorado Avalanche,3,285,,,-145,,,False,DraftKings,12,-125,4,OT,-125,105,-1.5,Final/OT,6.5,105
STL,2022-10-20T02:00Z,401458647,SEA,2022,St. Louis Blues,4,Seattle Kraken,3,115,,,175,,,False,DraftKings,12,100,4,OT,195,-230,1.5,Final/OT,6.0,-120
ANA,2022-10-20T23:00Z,401458648,BOS,2022,Anaheim Ducks,1,Boston Bruins,2,295,,,-150,,,False,DraftKings,12,-110,5,SO,-135,115,-1.5,Final/SO,6.5,-110
NSH,2022-10-20T23:00Z,401458650,CBJ,2022,Nashville Predators,3,Columbus Blue Jackets,5,110,,,175,,,False,DraftKings,12,-115,3,REG,185,-215,1.5,Final,6.5,-105
ARI,2022-10-20T23:00Z,401458653,MTL,2022,Arizona Coyotes,2,Montreal Canadiens,6,235,,,-120,,,False,DraftKings,12,100,3,REG,-165,140,-1.5,Final,6.5,-120
SJ,2022-10-20T23:00Z,401458655,NYR,2022,San Jose Sharks,3,New York Rangers,2,380,,,-190,,,False,DraftKings,12,-120,4,OT,-105,-115,-1.5,Final/OT,6.0,100
WSH,2022-10-20T23:00Z,401458656,OTT,2022,Washington Capitals,2,Ottawa Senators,5,150,,,130,,,False,DraftKings,12,-115,3,REG,-245,205,-1.5,Final,6.5,-105
LA,2022-10-20T23:00Z,401458657,PIT,2022,Los Angeles Kings,1,Pittsburgh Penguins,6,250,,,-125,,,False,DraftKings,11,-130,3,REG,-140,120,-1.5,Final,6.5,110
DAL,2022-10-20T23:00Z,401458658,TOR,2022,Dallas Stars,2,Toronto Maple Leafs,3,225,,,-115,,,False,DraftKings,12,-110,4,OT,-165,140,-1.5,Final/OT,6.5,-110
NJ,2022-10-20T23:30Z,401458654,NYI,2022,New Jersey Devils,4,New York Islanders,1,195,,,105,,,False,DraftKings,12,-120,3,REG,-195,165,-1.5,Final,6.0,100
VAN,2022-10-21T00:00Z,401458652,MIN,2022,Vancouver Canucks,3,Minnesota Wild,4,230,,,-120,,,False,DraftKings,12,-110,4,OT,-165,140,-1.5,Final/OT,6.5,-110
CAR,2022-10-21T01:00Z,401458651,EDM,2022,Carolina Hurricanes,4,Edmonton Oilers,6,150,,,130,,,False,DraftKings,12,-130,3,REG,-250,210,-1.5,Final,6.5,110
BUF,2022-10-21T01:30Z,401458649,CGY,2022,Buffalo Sabres,6,Calgary Flames,3,370,,,-190,,,False,DraftKings,12,-115,3,REG,100,-120,-1.5,Final,6.5,-105
WPG,2022-10-21T02:00Z,401458659,VGK,2022,Winnipeg Jets,2,Vegas Golden Knights,5,270,,,-140,,,False,DraftKings,12,-135,3,REG,-135,115,-1.5,Final,6.5,115
TB,2022-10-21T23:30Z,401458662,FLA,2022,Tampa Bay Lightning,3,Florida Panthers,2,140,,,135,,,False,DraftKings,11,-130,4,OT,-260,220,-1.5,Final/OT,6.5,110
DET,2022-10-22T00:30Z,401458660,CHI,2022,Detroit Red Wings,3,Chicago Blackhawks,4,130,,,160,,,False,DraftKings,12,380,4,OT,210,-250,1.5,Final/OT,8.5,-520
SEA,2022-10-22T01:00Z,401458661,COL,2022,Seattle Kraken,3,Colorado Avalanche,2,310,,,-160,,,False,DraftKings,12,180,3,REG,-120,100,-1.5,Final,7.5,-220
MIN,2022-10-22T17:00Z,401458663,BOS,2022,Minnesota Wild,3,Boston Bruins,4,155,,,125,,,False,DraftKings,12,-120,4,OT,-240,200,-1.5,Final/OT,6.5,100
SJ,2022-10-22T17:00Z,401458669,NJ,2022,San Jose Sharks,1,New Jersey Devils,2,245,,,-125,,,False,DraftKings,12,-110,3,REG,-145,125,-1.5,Final,6.5,-110
STL,2022-10-22T20:00Z,401458666,EDM,2022,St. Louis Blues,2,Edmonton Oilers,0,200,,,-105,,,False,DraftKings,12,-135,3,REG,-180,155,-1.5,Final,6.5,115
ARI,2022-10-22T20:00Z,401458670,OTT,2022,Arizona Coyotes,2,Ottawa Senators,6,320,,,-165,,,False,DraftKings,12,175,3,REG,-115,-105,-1.5,Final,7.5,-215
PIT,2022-10-22T23:00Z,401458665,CBJ,2022,Pittsburgh Penguins,6,Columbus Blue Jackets,3,-110,,,210,,,False,DraftKings,12,-120,3,REG,140,-165,1.5,Final,6.5,100
DAL,2022-10-22T23:00Z,401458667,MTL,2022,Dallas Stars,5,Montreal Canadiens,2,-115,,,230,,,False,DraftKings,12,-105,3,REG,145,-170,1.5,Final,6.0,-115
NYI,2022-10-22T23:00Z,401458671,TB,2022,New York Islanders,3,Tampa Bay Lightning,5,175,,,115,,,False,DraftKings,12,-120,3,REG,-225,190,-1.5,Final,6.0,100
LA,2022-10-22T23:00Z,401458674,WSH,2022,Los Angeles Kings,3,Washington Capitals,4,180,,,110,,,False,DraftKings,12,100,3,REG,-200,170,-1.5,Final,6.5,-120
TOR,2022-10-22T23:00Z,401458675,WPG,2022,Toronto Maple Leafs,4,Winnipeg Jets,1,-110,,,210,,,False,DraftKings,12,-125,3,REG,150,-175,1.5,Final,6.5,105
PHI,2022-10-23T00:00Z,401458668,NSH,2022,Philadelphia Flyers,3,Nashville Predators,1,275,,,-135,,,False,DraftKings,12,230,3,REG,-140,120,-1.5,Final,7.5,-290
CAR,2022-10-23T02:00Z,401458664,CGY,2022,Carolina Hurricanes,2,Calgary Flames,3,180,,,110,,,False,DraftKings,12,-105,4,OT,-210,180,-1.5,Final/OT,6.5,-115
BUF,2022-10-23T02:00Z,401458672,VAN,2022,Buffalo Sabres,5,Vancouver Canucks,1,200,,,100,,,False,DraftKings,12,-105,3,REG,-190,160,-1.5,Final,6.5,-115
COL,2022-10-23T02:00Z,401458673,VGK,2022,Colorado Avalanche,3,Vegas Golden Knights,2,165,,,120,,,False,DraftKings,12,-130,3,REG,-240,200,-1.5,Final,6.5,110
SEA,2022-10-23T18:00Z,401458676,CHI,2022,Seattle Kraken,4,Chicago Blackhawks,5,110,,,185,,,False,DraftKings,12,255,3,REG,180,-210,1.5,Final,7.5,-325
ANA,2022-10-23T21:00Z,401458677,DET,2022,Anaheim Ducks,1,Detroit Red Wings,5,180,,,110,,,False,DraftKings,12,-105,3,REG,-210,180,-1.5,Final,6.5,-115
NYI,2022-10-23T21:00Z,401458678,FLA,2022,New York Islanders,2,Florida Panthers,3,255,,,-125,,,False,DraftKings,12,-110,3,REG,-150,130,-1.5,Final,6.5,-110
CBJ,2022-10-23T21:00Z,401458679,NYR,2022,Columbus Blue Jackets,5,New York Rangers,1,330,,,-175,,,False,DraftKings,11,175,3,REG,-110,-110,-1.5,Final,7.5,-215
SJ,2022-10-23T23:00Z,401458680,PHI,2022,San Jose Sharks,3,Philadelphia Flyers,0,170,,,120,,,False,DraftKings,12,-125,3,REG,-240,200,-1.5,Final,5.5,105
WSH,2022-10-24T23:00Z,401458682,NJ,2022,Washington Capitals,6,New Jersey Devils,3,170,,,115,,,False,DraftKings,12,-115,3,REG,-225,190,-1.5,Final,6.5,-105
DAL,2022-10-24T23:00Z,401458683,OTT,2022,Dallas Stars,2,Ottawa Senators,4,145,,,140,,,False,DraftKings,12,-120,3,REG,-260,220,-1.5,Final,6.5,100
PIT,2022-10-25T00:00Z,401458681,EDM,2022,Pittsburgh Penguins,3,Edmonton Oilers,6,165,,,115,,,False,DraftKings,12,-135,3,REG,-225,190,-1.5,Final,6.5,115
STL,2022-10-25T00:00Z,401458686,WPG,2022,St. Louis Blues,0,Winnipeg Jets,4,155,,,125,,,False,DraftKings,12,110,3,REG,-250,210,-1.5,Final,6.5,-130
TOR,2022-10-25T02:00Z,401458685,VGK,2022,Toronto Maple Leafs,1,Vegas Golden Knights,3,140,,,135,,,False,DraftKings,12,-135,3,REG,225,-265,1.5,Final,6.5,115
CAR,2022-10-25T02:30Z,401458684,VAN,2022,Carolina Hurricanes,3,Vancouver Canucks,2,-105,,,205,,,False,DraftKings,12,-105,3,REG,150,-175,1.5,Final,6.5,-115
DAL,2022-10-25T23:00Z,401458687,BOS,2022,Dallas Stars,1,Boston Bruins,3,240,,,-115,,,False,DraftKings,11,-120,3,REG,-170,145,-1.5,Final,5.5,100
ARI,2022-10-25T23:00Z,401458690,CBJ,2022,Arizona Coyotes,6,Columbus Blue Jackets,3,280,,,-140,,,False,DraftKings,11,-130,3,REG,-130,110,-1.5,Final,6.5,110
NJ,2022-10-25T23:00Z,401458691,DET,2022,New Jersey Devils,6,Detroit Red Wings,2,140,,,135,,,False,DraftKings,11,-125,3,REG,-260,220,-1.5,Final,6.5,105
MIN,2022-10-25T23:00Z,401458693,MTL,2022,Minnesota Wild,3,Montreal Canadiens,1,-130,,,245,,,False,DraftKings,11,-130,3,REG,125,-145,1.5,Final,6.5,110
COL,2022-10-26T00:00Z,401458694,NYR,2022,Colorado Avalanche,3,New York Rangers,2,130,,,150,,,False,DraftKings,11,-120,5,SO,-265,225,-1.5,Final/SO,6.0,100
FLA,2022-10-26T00:30Z,401458689,CHI,2022,Florida Panthers,2,Chicago Blackhawks,4,-165,,,330,,,False,DraftKings,11,-110,3,REG,100,-120,1.5,Final,6.5,-110
PIT,2022-10-26T01:00Z,401458688,CGY,2022,Pittsburgh Penguins,1,Calgary Flames,4,235,,,-120,,,False,DraftKings,11,-120,3,REG,-155,135,-1.5,Final,6.5,100
BUF,2022-10-26T02:00Z,401458696,SEA,2022,Buffalo Sabres,1,Seattle Kraken,5,170,,,115,,,False,DraftKings,11,-130,3,REG,-215,185,-1.5,Final,6.5,110
TB,2022-10-26T02:30Z,401458692,LA,2022,Tampa Bay Lightning,2,Los Angeles Kings,4,110,,,180,,,False,DraftKings,11,-120,3,REG,180,-210,1.5,Final,6.0,100
VGK,2022-10-26T02:50Z,401458695,SJ,2022,Vegas Golden Knights,4,San Jose Sharks,2,-110,,,220,,,False,DraftKings,11,-120,3,REG,155,-180,1.5,Final,6.0,100
NYR,2022-10-26T23:30Z,401458698,NYI,2022,New York Rangers,0,New York Islanders,3,170,,,120,,,False,DraftKings,11,-110,3,REG,-205,175,-1.5,Final,6.0,-110
EDM,2022-10-27T00:00Z,401458699,STL,2022,Edmonton Oilers,3,St. Louis Blues,1,140,,,145,,,False,DraftKings,10,-115,3,REG,-275,230,-1.5,Final,6.5,-105
TB,2022-10-27T02:00Z,401458697,ANA,2022,Tampa Bay Lightning,4,Anaheim Ducks,2,105,,,190,,,False,DraftKings,11,-115,3,REG,170,-200,1.5,Final,6.5,-105
DET,2022-10-27T23:00Z,401458700,BOS,2022,Detroit Red Wings,1,Boston Bruins,5,320,,,-160,,,False,DraftKings,11,100,3,REG,-115,-105,-1.5,Final,6.5,-120
MTL,2022-10-27T23:00Z,401458701,BUF,2022,Montreal Canadiens,3,Buffalo Sabres,2,230,,,-115,,,False,DraftKings,11,-130,3,REG,-150,130,-1.5,Final,6.5,110
MIN,2022-10-27T23:00Z,401458706,OTT,2022,Minnesota Wild,4,Ottawa Senators,2,120,,,160,,,False,DraftKings,11,-120,3,REG,195,-230,1.5,Final,6.5,100
FLA,2022-10-27T23:00Z,401458707,PHI,2022,Florida Panthers,3,Philadelphia Flyers,4,-140,,,285,,,False,DraftKings,11,105,3,REG,115,-135,1.5,Final,6.5,-125
STL,2022-10-28T00:00Z,401458705,NSH,2022,St. Louis Blues,2,Nashville Predators,6,205,,,-105,,,False,DraftKings,11,-110,3,REG,-190,160,-1.5,Final,6.0,-110
EDM,2022-10-28T00:30Z,401458702,CHI,2022,Edmonton Oilers,6,Chicago Blackhawks,5,-145,,,295,,,False,DraftKings,11,-110,3,REG,110,-130,1.5,Final,6.5,-110
WSH,2022-10-28T00:30Z,401458703,DAL,2022,Washington Capitals,0,Dallas Stars,2,175,,,115,,,False,DraftKings,11,-120,3,REG,-240,200,-1.5,Final,5.5,100
VAN,2022-10-28T02:00Z,401458709,SEA,2022,Vancouver Canucks,5,Seattle Kraken,4,165,,,115,,,False,DraftKings,11,-110,3,REG,-225,190,-1.5,Final,6.5,-110
WPG,2022-10-28T02:30Z,401458704,LA,2022,Winnipeg Jets,6,Los Angeles Kings,4,185,,,110,,,False,DraftKings,11,-115,3,REG,-210,180,-1.5,Final,6.0,-105
TOR,2022-10-28T02:30Z,401458708,SJ,2022,Toronto Maple Leafs,3,San Jose Sharks,4,-150,,,310,,,False,DraftKings,11,100,4,OT,120,-140,1.5,Final/OT,6.5,-120
ANA,2022-10-28T22:00Z,401458715,VGK,2022,Anaheim Ducks,0,Vegas Golden Knights,4,350,,,-175,,,False,DraftKings,11,-105,3,REG,100,-120,-1.5,Final,6.5,-115
NYI,2022-10-28T23:00Z,401458711,CAR,2022,New York Islanders,6,Carolina Hurricanes,2,255,,,-125,,,False,DraftKings,11,-120,3,REG,-165,140,-1.5,Final,5.5,100
BOS,2022-10-28T23:00Z,401458712,CBJ,2022,Boston Bruins,4,Columbus Blue Jackets,0,100,,,195,,,False,DraftKings,11,-105,3,REG,165,-195,1.5,Final,6.5,-115
COL,2022-10-28T23:00Z,401458713,NJ,2022,Colorado Avalanche,0,New Jersey Devils,1,110,,,180,,,False,DraftKings,11,-115,3,REG,180,-210,1.5,Final,6.5,-105
PIT,2022-10-29T02:00Z,401458714,VAN,2022,Pittsburgh Penguins,1,Vancouver Canucks,5,-125,,,245,,,False,DraftKings,11,-105,3,REG,135,-155,1.5,Final,6.5,-115
WPG,2022-10-29T02:30Z,401458710,ARI,2022,Winnipeg Jets,3,Arizona Coyotes,2,100,,,195,,,False,DraftKings,11,-110,4,OT,160,-190,1.5,Final/OT,6.5,-110
NYR,2022-10-29T18:00Z,401458718,DAL,2022,New York Rangers,6,Dallas Stars,3,155,,,130,,,False,DraftKings,11,-115,3,REG,-260,220,-1.5,Final,5.5,-105
OTT,2022-10-29T20:00Z,401458720,FLA,2022,Ottawa Senators,3,Florida Panthers,5,265,,,-135,,,False,DraftKings,11,-120,3,REG,-145,125,-1.5,Final,6.5,100
TB,2022-10-29T20:30Z,401458725,SJ,2022,Tampa Bay Lightning,4,San Jose Sharks,3,-130,,,265,,,False,DraftKings,11,-120,3,REG,125,-145,1.5,Final,5.5,100
CHI,2022-10-29T23:00Z,401458716,BUF,2022,Chicago Blackhawks,3,Buffalo Sabres,4,235,,,-120,,,False,DraftKings,11,-110,4,OT,-150,130,-1.5,Final/OT,6.5,-110
MIN,2022-10-29T23:00Z,401458719,DET,2022,Minnesota Wild,1,Detroit Red Wings,2,100,,,195,,,False,DraftKings,11,-120,3,REG,165,-195,1.5,Final,6.5,100
TOR,2022-10-29T23:00Z,401458721,LA,2022,Toronto Maple Leafs,2,Los Angeles Kings,4,105,,,190,,,False,DraftKings,11,-115,3,REG,170,-200,1.5,Final,6.5,-105
CAR,2022-10-29T23:00Z,401458724,PHI,2022,Carolina Hurricanes,4,Philadelphia Flyers,3,-125,,,255,,,False,DraftKings,11,100,4,OT,140,-165,1.5,Final/OT,6.0,-120
MTL,2022-10-29T23:00Z,401458727,STL,2022,Montreal Canadiens,7,St. Louis Blues,4,340,,,-165,,,False,DraftKings,11,-115,3,REG,-120,100,-1.5,Final,6.0,-105
COL,2022-10-29T23:30Z,401458722,NYI,2022,Colorado Avalanche,4,New York Islanders,5,115,,,180,,,False,DraftKings,11,-120,3,REG,195,-230,1.5,Final,5.5,100
WSH,2022-10-30T00:00Z,401458723,NSH,2022,Washington Capitals,3,Nashville Predators,0,175,,,115,,,False,DraftKings,11,-115,3,REG,-210,180,-1.5,Final,6.0,-105
EDM,2022-10-30T02:00Z,401458717,CGY,2022,Edmonton Oilers,3,Calgary Flames,2,200,,,-105,,,False,DraftKings,11,-130,3,REG,-190,160,-1.5,Final,6.5,110
PIT,2022-10-30T02:00Z,401458726,SEA,2022,Pittsburgh Penguins,1,Seattle Kraken,3,115,,,170,,,False,DraftKings,11,-125,3,REG,195,-230,1.5,Final,6.5,105
CBJ,2022-10-30T18:00Z,401458731,NJ,2022,Columbus Blue Jackets,1,New Jersey Devils,7,280,,,-140,,,False,DraftKings,11,-110,3,REG,-135,115,-1.5,Final,6.5,-110
MIN,2022-10-30T23:00Z,401458730,CHI,2022,Minnesota Wild,4,Chicago Blackhawks,3,-160,,,320,,,False,DraftKings,11,-115,5,SO,105,-125,1.5,Final/SO,6.0,-105
TOR,2022-10-31T00:00Z,401458728,ANA,2022,Toronto Maple Leafs,3,Anaheim Ducks,4,-125,,,245,,,False,DraftKings,11,-120,4,OT,135,-155,1.5,Final/OT,6.5,100
NYR,2022-10-31T00:00Z,401458729,ARI,2022,New York Rangers,3,Arizona Coyotes,2,-170,,,340,,,False,DraftKings,11,-120,3,REG,100,-120,1.5,Final,6.0,100
WPG,2022-10-31T00:00Z,401458732,VGK,2022,Winnipeg Jets,1,Vegas Golden Knights,2,250,,,-125,,,False,DraftKings,11,100,4,OT,-155,135,-1.5,Final/OT,6.5,-120
DET,2022-10-31T23:00Z,401458733,BUF,2022,Detroit Red Wings,3,Buffalo Sabres,8,185,,,105,,,False,DraftKings,11,-120,3,REG,-195,165,-1.5,Final,6.5,100
WSH,2022-10-31T23:00Z,401458734,CAR,2022,Washington Capitals,2,Carolina Hurricanes,3,275,,,-135,,,False,DraftKings,11,-105,5,SO,-150,130,-1.5,Final/SO,6.0,-115
LA,2022-11-01T00:00Z,401458735,STL,2022,Los Angeles Kings,5,St. Louis Blues,1,170,,,120,,,False,DraftKings,11,-105,3,REG,-230,195,-1.5,Final,6.0,-115
PHI,2022-11-01T23:00Z,401458742,NYR,2022,Philadelphia Flyers,0,New York Rangers,1,330,,,-160,,,False,DraftKings,11,-125,4,OT,-125,105,-1.5,Final/OT,5.5,105
OTT,2022-11-01T23:00Z,401458745,TB,2022,Ottawa Senators,3,Tampa Bay Lightning,4,255,,,-125,,,False,DraftKings,11,-110,3,REG,-150,130,-1.5,Final,6.5,-110
VGK,2022-11-01T23:00Z,401458747,WSH,2022,Vegas Golden Knights,3,Washington Capitals,2,-105,,,205,,,False,DraftKings,11,-125,4,OT,160,-190,1.5,Final/OT,6.0,105
MTL,2022-11-02T00:00Z,401458741,MIN,2022,Montreal Canadiens,1,Minnesota Wild,4,310,,,-155,,,False,DraftKings,10,-105,3,REG,-125,105,-1.5,Final,6.5,-115
BOS,2022-11-02T00:00Z,401458743,PIT,2022,Boston Bruins,6,Pittsburgh Penguins,5,160,,,125,,,False,DraftKings,10,100,4,OT,-240,200,-1.5,Final/OT,6.5,-120
NYI,2022-11-02T00:30Z,401458738,CHI,2022,New York Islanders,3,Chicago Blackhawks,1,-125,,,255,,,False,DraftKings,10,-105,3,REG,135,-155,1.5,Final,6.0,-115
LA,2022-11-02T00:30Z,401458739,DAL,2022,Los Angeles Kings,2,Dallas Stars,5,180,,,110,,,False,DraftKings,10,-105,3,REG,-210,180,-1.5,Final,6.5,-115
SEA,2022-11-02T01:00Z,401458737,CGY,2022,Seattle Kraken,5,Calgary Flames,4,270,,,-140,,,False,DraftKings,11,-120,3,REG,-135,115,-1.5,Final,6.5,100
NSH,2022-11-02T01:00Z,401458740,EDM,2022,Nashville Predators,4,Edmonton Oilers,7,210,,,-110,,,False,DraftKings,11,-120,3,REG,-180,155,-1.5,Final,6.5,100
FLA,2022-11-02T02:00Z,401458736,ARI,2022,Florida Panthers,1,Arizona Coyotes,3,-200,,,390,,,False,DraftKings,10,100,3,REG,-120,100,1.5,Final,6.5,-120
NJ,2022-11-02T02:00Z,401458746,VAN,2022,New Jersey Devils,5,Vancouver Canucks,2,130,,,155,,,False,DraftKings,9,-105,3,REG,205,-245,1.5,Final,6.5,-115
ANA,2022-11-02T02:50Z,401458744,SJ,2022,Anaheim Ducks,6,San Jose Sharks,5,175,,,115,,,False,DraftKings,10,-125,5,SO,-225,190,-1.5,Final/SO,5.5,105
PHI,2022-11-02T23:00Z,401458749,TOR,2022,Philadelphia Flyers,2,Toronto Maple Leafs,5,425,,,-215,,,False,DraftKings,11,-105,3,REG,120,-140,-1.5,Final,6.5,-115
PIT,2022-11-02T23:30Z,401458748,BUF,2022,Pittsburgh Penguins,3,Buffalo Sabres,6,125,,,155,,,False,DraftKings,11,-130,3,REG,200,-240,1.5,Final,6.5,110
WSH,2022-11-03T23:00Z,401458753,DET,2022,Washington Capitals,1,Detroit Red Wings,3,120,,,175,,,False,DraftKings,10,-105,3,REG,195,-230,1.5,Final,6.0,-115
VGK,2022-11-03T23:00Z,401458757,OTT,2022,Vegas Golden Knights,5,Ottawa Senators,4,105,,,185,,,False,DraftKings,10,-110,3,REG,175,-205,1.5,Final,6.5,-110
CAR,2022-11-03T23:00Z,401458760,TB,2022,Carolina Hurricanes,4,Tampa Bay Lightning,3,160,,,125,,,False,DraftKings,10,-110,5,SO,-245,205,-1.5,Final/SO,6.0,-110
BOS,2022-11-03T23:30Z,401458756,NYR,2022,Boston Bruins,5,New York Rangers,2,175,,,115,,,False,DraftKings,11,-110,3,REG,-225,190,-1.5,Final,6.0,-110
SEA,2022-11-04T00:00Z,401458755,MIN,2022,Seattle Kraken,4,Minnesota Wild,0,210,,,-105,,,False,DraftKings,11,-120,3,REG,-180,155,-1.5,Final,6.5,100
NYI,2022-11-04T00:00Z,401458759,STL,2022,New York Islanders,5,St. Louis Blues,2,165,,,125,,,False,DraftKings,11,-125,3,REG,-245,205,-1.5,Final,5.5,105
MTL,2022-11-04T00:00Z,401458762,WPG,2022,Montreal Canadiens,2,Winnipeg Jets,3,275,,,-135,,,False,DraftKings,11,100,4,OT,-140,120,-1.5,Final/OT,6.5,-120
LA,2022-11-04T00:30Z,401458752,CHI,2022,Los Angeles Kings,1,Chicago Blackhawks,2,-115,,,225,,,False,DraftKings,11,-115,4,OT,145,-170,1.5,Final/OT,6.0,-105
NSH,2022-11-04T01:00Z,401458751,CGY,2022,Nashville Predators,4,Calgary Flames,1,285,,,-145,,,False,DraftKings,11,-115,3,REG,-125,105,-1.5,Final,6.5,-105
NJ,2022-11-04T01:00Z,401458754,EDM,2022,New Jersey Devils,4,Edmonton Oilers,3,205,,,-105,,,False,DraftKings,11,110,3,REG,-175,150,-1.5,Final,7.0,-130
DAL,2022-11-04T02:00Z,401458750,ARI,2022,Dallas Stars,7,Arizona Coyotes,2,-150,,,310,,,False,DraftKings,11,-105,3,REG,110,-130,1.5,Final,6.0,-115
ANA,2022-11-04T02:00Z,401458761,VAN,2022,Anaheim Ducks,5,Vancouver Canucks,8,220,,,-115,,,False,DraftKings,11,-105,3,REG,-165,140,-1.5,Final,6.5,-115
FLA,2022-11-04T02:30Z,401458758,SJ,2022,Florida Panthers,4,San Jose Sharks,3,-140,,,285,,,False,DraftKings,11,100,5,SO,115,-135,1.5,Final/SO,6.5,-120
CBJ,2022-11-04T18:00Z,401458764,COL,2022,Columbus Blue Jackets,3,Colorado Avalanche,6,340,,,-170,,,True,DraftKings,11,-105,3,REG,-115,-105,-1.5,Final,6.5,-115
BUF,2022-11-04T23:00Z,401458763,CAR,2022,Buffalo Sabres,3,Carolina Hurricanes,5,260,,,-130,,,False,DraftKings,11,-110,3,REG,-145,125,-1.5,Final,6.5,-110
NYI,2022-11-05T17:00Z,401458767,DET,2022,New York Islanders,0,Detroit Red Wings,3,120,,,170,,,False,DraftKings,11,-110,3,REG,200,-240,1.5,Final,6.0,-110
COL,2022-11-05T18:00Z,401458766,CBJ,2022,Colorado Avalanche,5,Columbus Blue Jackets,1,-185,,,360,,,True,DraftKings,11,-125,3,REG,-115,-105,1.5,Final,6.5,105
CHI,2022-11-05T19:00Z,401458778,WPG,2022,Chicago Blackhawks,0,Winnipeg Jets,4,300,,,-150,,,False,DraftKings,11,-120,3,REG,-130,110,-1.5,Final,6.0,100
DAL,2022-11-05T20:00Z,401458768,EDM,2022,Dallas Stars,6,Edmonton Oilers,2,205,,,-105,,,False,DraftKings,11,-135,3,REG,-175,150,-1.5,Final,6.5,115
VGK,2022-11-05T23:00Z,401458770,MTL,2022,Vegas Golden Knights,6,Montreal Canadiens,4,-130,,,265,,,False,DraftKings,11,100,3,REG,125,-145,1.5,Final,6.5,-120
PHI,2022-11-05T23:00Z,401458771,OTT,2022,Philadelphia Flyers,2,Ottawa Senators,1,230,,,-115,,,False,DraftKings,11,-105,3,REG,-165,140,-1.5,Final,6.5,-115
SEA,2022-11-05T23:00Z,401458772,PIT,2022,Seattle Kraken,3,Pittsburgh Penguins,2,275,,,-135,,,False,DraftKings,11,-105,3,REG,-140,120,-1.5,Final,6.5,-115
BUF,2022-11-05T23:00Z,401458774,TB,2022,Buffalo Sabres,3,Tampa Bay Lightning,5,310,,,-160,,,False,DraftKings,10,175,3,REG,-120,100,-1.5,Final,7.5,-240
BOS,2022-11-05T23:00Z,401458775,TOR,2022,Boston Bruins,1,Toronto Maple Leafs,2,175,,,115,,,False,DraftKings,11,-120,3,REG,-215,185,-1.5,Final,6.5,100
ARI,2022-11-05T23:00Z,401458777,WSH,2022,Arizona Coyotes,3,Washington Capitals,2,425,,,-210,,,False,DraftKings,11,-120,3,REG,105,-125,-1.5,Final,6.0,100
NJ,2022-11-06T02:00Z,401458765,CGY,2022,New Jersey Devils,4,Calgary Flames,3,220,,,-110,,,False,DraftKings,11,-120,4,OT,-170,145,-1.5,Final/OT,6.5,100
NSH,2022-11-06T02:00Z,401458776,VAN,2022,Nashville Predators,4,Vancouver Canucks,3,160,,,125,,,False,DraftKings,11,-105,5,SO,-240,200,-1.5,Final/SO,6.5,-115
FLA,2022-11-06T02:30Z,401458769,LA,2022,Florida Panthers,4,Los Angeles Kings,5,110,,,185,,,False,DraftKings,11,-105,3,REG,175,-205,1.5,Final,6.5,-115
ANA,2022-11-06T02:30Z,401458773,SJ,2022,Anaheim Ducks,5,San Jose Sharks,4,190,,,105,,,False,DraftKings,11,-110,5,SO,-200,170,-1.5,Final/SO,6.5,-110
TOR,2022-11-06T22:00Z,401458780,CAR,2022,Toronto Maple Leafs,3,Carolina Hurricanes,1,210,,,-105,,,False,DraftKings,11,-115,3,REG,-180,155,-1.5,Final,6.5,-105
DET,2022-11-06T22:00Z,401458781,NYR,2022,Detroit Red Wings,3,New York Rangers,2,295,,,-150,,,False,DraftKings,11,-115,4,OT,-125,105,-1.5,Final/OT,6.5,-105
FLA,2022-11-07T02:00Z,401458779,ANA,2022,Florida Panthers,5,Anaheim Ducks,3,-130,,,255,,,False,DraftKings,11,-110,3,REG,130,-150,1.5,Final,6.5,-110
STL,2022-11-08T00:00Z,401458782,BOS,2022,St. Louis Blues,1,Boston Bruins,3,260,,,-130,,,False,DraftKings,11,-115,3,REG,-150,130,-1.5,Final,6.0,-105
CGY,2022-11-08T00:00Z,401458783,NYI,2022,Calgary Flames,3,New York Islanders,4,125,,,165,,,False,DraftKings,11,-105,4,OT,205,-245,1.5,Final/OT,6.0,-115
EDM,2022-11-08T01:00Z,401458784,WSH,2022,Edmonton Oilers,4,Washington Capitals,5,-105,,,205,,,False,DraftKings,11,-110,3,REG,155,-180,1.5,Final,6.5,-110
ARI,2022-11-09T00:00Z,401458785,BUF,2022,Arizona Coyotes,4,Buffalo Sabres,1,340,,,-170,,,False,DraftKings,11,-115,3,REG,-115,-105,-1.5,Final,6.5,-105
MTL,2022-11-09T00:00Z,401458786,DET,2022,Montreal Canadiens,3,Detroit Red Wings,2,220,,,-110,,,False,DraftKings,11,-115,5,SO,-180,155,-1.5,Final/SO,6.0,-105
NYI,2022-11-09T00:00Z,401458788,NYR,2022,New York Islanders,4,New York Rangers,3,230,,,-110,,,False,DraftKings,11,-105,3,REG,-175,150,-1.5,Final,6.0,-115
CGY,2022-11-09T00:00Z,401458789,NJ,2022,Calgary Flames,2,New Jersey Devils,3,180,,,105,,,False,DraftKings,11,-130,3,REG,-210,180,-1.5,Final,6.5,110
VAN,2022-11-09T00:00Z,401458790,OTT,2022,Vancouver Canucks,6,Ottawa Senators,4,160,,,120,,,False,DraftKings,11,115,3,REG,-225,190,-1.5,Final,7.0,-135
STL,2022-11-09T00:00Z,401458791,PHI,2022,St. Louis Blues,1,Philadelphia Flyers,5,115,,,180,,,False,DraftKings,11,-105,3,REG,185,-215,1.5,Final,6.0,-115
VGK,2022-11-09T00:00Z,401458794,TOR,2022,Vegas Golden Knights,4,Toronto Maple Leafs,3,155,,,130,,,False,DraftKings,11,-110,4,OT,-245,205,-1.5,Final/OT,6.5,-110
EDM,2022-11-09T00:30Z,401458793,TB,2022,Edmonton Oilers,3,Tampa Bay Lightning,2,220,,,-115,,,False,DraftKings,11,120,3,REG,-170,145,-1.5,Final,7.0,-140
DAL,2022-11-09T01:00Z,401458795,WPG,2022,Dallas Stars,1,Winnipeg Jets,5,130,,,155,,,False,DraftKings,11,-115,3,REG,215,-255,1.5,Final,6.0,-105
NSH,2022-11-09T03:00Z,401458792,SEA,2022,Nashville Predators,1,Seattle Kraken,5,160,,,130,,,False,DraftKings,11,-115,3,REG,-250,210,-1.5,Final,6.0,-105
MIN,2022-11-09T03:30Z,401458787,LA,2022,Minnesota Wild,0,Los Angeles Kings,1,145,,,135,,,False,DraftKings,11,265,3,REG,-255,215,-1.5,Final,8.0,-385
CAR,2022-11-10T00:00Z,401458797,FLA,2022,Carolina Hurricanes,0,Florida Panthers,3,120,,,160,,,False,DraftKings,11,-120,3,REG,205,-245,1.5,Final,6.5,100
VAN,2022-11-10T00:30Z,401458798,MTL,2022,Vancouver Canucks,2,Montreal Canadiens,5,-105,,,200,,,False,DraftKings,11,-130,3,REG,155,-180,1.5,Final,6.5,110
PIT,2022-11-10T00:30Z,401458799,WSH,2022,Pittsburgh Penguins,4,Washington Capitals,1,120,,,170,,,False,DraftKings,11,-120,3,REG,195,-230,1.5,Final,6.0,100
MIN,2022-11-10T03:00Z,401458796,ANA,2022,Minnesota Wild,4,Anaheim Ducks,1,-110,,,215,,,False,DraftKings,11,-105,3,REG,155,-180,1.5,Final,6.5,-115
CGY,2022-11-11T00:00Z,401458800,BOS,2022,Calgary Flames,1,Boston Bruins,3,255,,,-130,,,False,DraftKings,11,-115,3,REG,-150,130,-1.5,Final,6.0,-105
VGK,2022-11-11T00:00Z,401458801,BUF,2022,Vegas Golden Knights,7,Buffalo Sabres,4,-105,,,205,,,False,DraftKings,11,-105,3,REG,155,-180,1.5,Final,6.5,-115
EDM,2022-11-11T00:00Z,401458802,CAR,2022,Edmonton Oilers,2,Carolina Hurricanes,7,190,,,100,,,False,DraftKings,11,-120,3,REG,-195,165,-1.5,Final,6.5,100
PHI,2022-11-11T00:00Z,401458804,CBJ,2022,Philadelphia Flyers,2,Columbus Blue Jackets,5,150,,,135,,,False,DraftKings,10,215,3,REG,-260,220,-1.5,Final,7.5,-300
NYR,2022-11-11T00:00Z,401458805,DET,2022,New York Rangers,8,Detroit Red Wings,2,-105,,,210,,,False,DraftKings,11,100,3,REG,160,-190,1.5,Final,6.0,-120
OTT,2022-11-11T00:00Z,401458808,NJ,2022,Ottawa Senators,3,New Jersey Devils,4,220,,,-115,,,False,DraftKings,11,175,4,OT,-155,135,-1.5,Final/OT,7.5,-240
ARI,2022-11-11T00:30Z,401458807,NYI,2022,Arizona Coyotes,2,New York Islanders,0,370,,,-185,,,False,DraftKings,11,260,3,REG,-105,-115,-1.5,Final,7.5,-375
SJ,2022-11-11T01:00Z,401458809,STL,2022,San Jose Sharks,3,St. Louis Blues,5,210,,,-105,,,False,DraftKings,11,-115,3,REG,-180,155,-1.5,Final,6.0,-105
NSH,2022-11-11T02:00Z,401458803,COL,2022,Nashville Predators,3,Colorado Avalanche,5,260,,,-130,,,False,DraftKings,11,-105,3,REG,-145,125,-1.5,Final,6.5,-115
CHI,2022-11-11T03:30Z,401458806,LA,2022,Chicago Blackhawks,1,Los Angeles Kings,2,380,,,-185,,,False,DraftKings,11,105,4,OT,-105,-115,-1.5,Final/OT,6.5,-125
PIT,2022-11-12T00:00Z,401458812,TOR,2022,Pittsburgh Penguins,4,Toronto Maple Leafs,2,195,,,105,,,False,DraftKings,11,-115,3,REG,-195,165,-1.5,Final,6.5,-105
TB,2022-11-12T00:00Z,401458813,WSH,2022,Tampa Bay Lightning,1,Washington Capitals,5,110,,,185,,,False,DraftKings,11,-110,3,REG,185,-215,1.5,Final,6.0,-110
SJ,2022-11-12T01:30Z,401458810,DAL,2022,San Jose Sharks,5,Dallas Stars,4,320,,,-155,,,False,DraftKings,11,-110,3,REG,-125,105,-1.5,Final,6.0,-110
MIN,2022-11-12T03:00Z,401458811,SEA,2022,Minnesota Wild,1,Seattle Kraken,0,120,,,165,,,False,DraftKings,11,-105,3,REG,200,-240,1.5,Final,6.0,-115
OTT,2022-11-12T18:00Z,401458824,PHI,2022,Ottawa Senators,4,Philadelphia Flyers,1,130,,,155,,,False,DraftKings,11,100,3,REG,200,-240,1.5,Final,6.5,-120
EDM,2022-11-12T21:00Z,401458818,FLA,2022,Edmonton Oilers,4,Florida Panthers,2,220,,,-115,,,False,DraftKings,11,110,3,REG,-165,140,-1.5,Final,7.0,-130
BOS,2022-11-13T00:00Z,401458815,BUF,2022,Boston Bruins,3,Buffalo Sabres,1,-115,,,225,,,False,DraftKings,11,-125,3,REG,135,-155,1.5,Final,6.5,105
PIT,2022-11-13T00:00Z,401458820,MTL,2022,Pittsburgh Penguins,4,Montreal Canadiens,5,-110,,,215,,,False,DraftKings,11,-110,4,OT,145,-170,1.5,Final/OT,6.5,-110
ARI,2022-11-13T00:00Z,401458823,NJ,2022,Arizona Coyotes,2,New Jersey Devils,4,400,,,-200,,,False,DraftKings,11,-115,3,REG,105,-125,-1.5,Final,6.5,-105
VAN,2022-11-13T00:00Z,401458825,TOR,2022,Vancouver Canucks,2,Toronto Maple Leafs,3,210,,,-105,,,False,DraftKings,11,-135,3,REG,-175,150,-1.5,Final,6.5,115
CBJ,2022-11-13T00:30Z,401458821,NYI,2022,Columbus Blue Jackets,3,New York Islanders,4,360,,,-175,,,False,DraftKings,11,-115,4,OT,-115,-105,-1.5,Final/OT,6.0,-105
NYR,2022-11-13T01:00Z,401458822,NSH,2022,New York Rangers,1,Nashville Predators,2,130,,,155,,,False,DraftKings,11,-105,3,REG,210,-250,1.5,Final,6.5,-115
CAR,2022-11-13T02:00Z,401458817,COL,2022,Carolina Hurricanes,1,Colorado Avalanche,4,165,,,125,,,False,DraftKings,11,-115,3,REG,-240,200,-1.5,Final,6.0,-105
CHI,2022-11-13T03:00Z,401458814,ANA,2022,Chicago Blackhawks,3,Anaheim Ducks,2,175,,,115,,,False,DraftKings,11,100,3,REG,-210,180,-1.5,Final,6.5,-120
WPG,2022-11-13T03:00Z,401458816,CGY,2022,Winnipeg Jets,2,Calgary Flames,3,215,,,-105,,,False,DraftKings,11,-115,3,REG,-175,150,-1.5,Final,6.0,-105
STL,2022-11-13T03:00Z,401458826,VGK,2022,St. Louis Blues,3,Vegas Golden Knights,2,265,,,-130,,,False,DraftKings,11,-105,3,REG,-140,120,-1.5,Final,6.5,-115
DET,2022-11-13T03:30Z,401458819,LA,2022,Detroit Red Wings,3,Los Angeles Kings,4,265,,,-130,,,False,DraftKings,11,100,3,REG,-145,125,-1.5,Final,6.5,-120
DAL,2022-11-13T18:00Z,401458830,PHI,2022,Dallas Stars,5,Philadelphia Flyers,1,-125,,,245,,,False,DraftKings,11,100,3,REG,140,-165,1.5,Final,6.5,-120
VAN,2022-11-13T23:00Z,401458827,BOS,2022,Vancouver Canucks,2,Boston Bruins,5,300,,,-150,,,False,DraftKings,11,100,3,REG,-130,110,-1.5,Final,6.5,-120
SJ,2022-11-13T23:00Z,401458828,MIN,2022,San Jose Sharks,3,Minnesota Wild,2,275,,,-135,,,False,DraftKings,11,-105,5,SO,-145,125,-1.5,Final/SO,6.0,-115
ARI,2022-11-14T00:00Z,401458829,NYR,2022,Arizona Coyotes,1,New York Rangers,4,500,,,-260,,,False,DraftKings,11,350,3,REG,120,-140,-1.5,Final,8.0,-475
WSH,2022-11-14T00:00Z,401458832,TB,2022,Washington Capitals,3,Tampa Bay Lightning,6,235,,,-115,,,False,DraftKings,11,-125,3,REG,-170,145,-1.5,Final,5.5,105
WPG,2022-11-14T01:00Z,401458831,SEA,2022,Winnipeg Jets,3,Seattle Kraken,2,195,,,105,,,False,DraftKings,11,-115,4,OT,-200,170,-1.5,Final/OT,6.0,-105
NYI,2022-11-14T22:30Z,401458836,OTT,2022,New York Islanders,4,Ottawa Senators,2,135,,,150,,,False,DraftKings,11,-120,3,REG,210,-250,1.5,Final,6.0,100
LA,2022-11-15T01:30Z,401458833,CGY,2022,Los Angeles Kings,5,Calgary Flames,6,225,,,-110,,,False,DraftKings,11,-110,3,REG,-175,150,-1.5,Final,6.0,-110
CAR,2022-11-15T01:30Z,401458834,CHI,2022,Carolina Hurricanes,3,Chicago Blackhawks,0,-150,,,300,,,False,DraftKings,11,100,3,REG,110,-130,1.5,Final,6.0,-120
STL,2022-11-15T02:00Z,401458835,COL,2022,St. Louis Blues,3,Colorado Avalanche,2,265,,,-130,,,False,DraftKings,11,-120,3,REG,-150,130,-1.5,Final,6.0,100
VAN,2022-11-16T00:00Z,401458838,BUF,2022,Vancouver Canucks,5,Buffalo Sabres,4,145,,,135,,,False,DraftKings,11,-130,3,REG,-260,220,-1.5,Final,6.5,110
WSH,2022-11-16T00:00Z,401458840,FLA,2022,Washington Capitals,2,Florida Panthers,5,255,,,-130,,,False,DraftKings,11,100,3,REG,-150,130,-1.5,Final,6.5,-120
NJ,2022-11-16T00:00Z,401458841,MTL,2022,New Jersey Devils,5,Montreal Canadiens,1,-125,,,245,,,False,DraftKings,11,-110,3,REG,135,-155,1.5,Final,6.5,-110
TOR,2022-11-16T00:00Z,401458843,PIT,2022,Toronto Maple Leafs,5,Pittsburgh Penguins,2,125,,,155,,,False,DraftKings,10,-120,3,REG,205,-245,1.5,Final,6.5,100
DAL,2022-11-16T00:00Z,401458844,TB,2022,Dallas Stars,4,Tampa Bay Lightning,5,195,,,105,,,False,DraftKings,11,-115,4,OT,-200,170,-1.5,Final/OT,6.0,-105
PHI,2022-11-16T00:30Z,401458839,CBJ,2022,Philadelphia Flyers,4,Columbus Blue Jackets,5,145,,,135,,,False,DraftKings,11,-120,4,OT,-275,230,-1.5,Final/OT,6.0,100
MIN,2022-11-16T01:00Z,401458842,NSH,2022,Minnesota Wild,1,Nashville Predators,2,135,,,150,,,False,DraftKings,11,-120,3,REG,225,-265,1.5,Final,5.5,100
DET,2022-11-16T03:00Z,401458837,ANA,2022,Detroit Red Wings,2,Anaheim Ducks,3,125,,,160,,,False,DraftKings,11,-105,4,OT,200,-240,1.5,Final/OT,6.5,-115
SJ,2022-11-16T03:00Z,401458845,VGK,2022,San Jose Sharks,5,Vegas Golden Knights,2,350,,,-175,,,False,DraftKings,11,100,3,REG,-115,-105,-1.5,Final,6.5,-120
BUF,2022-11-17T00:00Z,401458848,OTT,2022,Buffalo Sabres,1,Ottawa Senators,4,205,,,-105,,,False,DraftKings,12,-135,3,REG,-175,150,-1.5,Final,6.5,115
STL,2022-11-17T00:30Z,401458846,CHI,2022,St. Louis Blues,5,Chicago Blackhawks,2,-110,,,225,,,False,DraftKings,12,100,3,REG,155,-180,1.5,Final,6.0,-120
LA,2022-11-17T03:00Z,401458847,EDM,2022,Los Angeles Kings,3,Edmonton Oilers,1,190,,,105,,,False,DraftKings,12,-135,3,REG,-195,165,-1.5,Final,6.5,115
PHI,2022-11-18T00:00Z,401458849,BOS,2022,Philadelphia Flyers,1,Boston Bruins,4,450,,,-220,,,False,DraftKings,12,-120,3,REG,110,-130,-1.5,Final,6.0,100
COL,2022-11-18T00:00Z,401458850,CAR,2022,Colorado Avalanche,3,Carolina Hurricanes,2,175,,,115,,,False,DraftKings,12,-110,4,OT,-225,190,-1.5,Final/OT,6.0,-110
MTL,2022-11-18T00:00Z,401458851,CBJ,2022,Montreal Canadiens,4,Columbus Blue Jackets,6,150,,,130,,,False,DraftKings,12,-115,3,REG,-250,210,-1.5,Final,6.5,-105
DAL,2022-11-18T00:00Z,401458852,FLA,2022,Dallas Stars,6,Florida Panthers,4,205,,,-105,,,False,DraftKings,12,-110,3,REG,-190,160,-1.5,Final,6.5,-110
CGY,2022-11-18T00:00Z,401458858,TB,2022,Calgary Flames,1,Tampa Bay Lightning,4,165,,,125,,,False,DraftKings,12,-120,3,REG,-240,200,-1.5,Final,6.0,100
NJ,2022-11-18T00:00Z,401458859,TOR,2022,New Jersey Devils,3,Toronto Maple Leafs,2,180,,,110,,,False,DraftKings,12,-120,4,OT,-205,175,-1.5,Final/OT,6.5,100
PIT,2022-11-18T01:00Z,401458853,MIN,2022,Pittsburgh Penguins,6,Minnesota Wild,4,140,,,140,,,False,DraftKings,12,-110,3,REG,220,-260,1.5,Final,6.5,-110
NYI,2022-11-18T01:00Z,401458854,NSH,2022,New York Islanders,4,Nashville Predators,5,160,,,130,,,False,DraftKings,12,-120,3,REG,-255,215,-1.5,Final,5.5,100
WSH,2022-11-18T01:00Z,401458857,STL,2022,Washington Capitals,4,St. Louis Blues,5,165,,,120,,,False,DraftKings,12,-105,5,SO,-225,190,-1.5,Final/SO,6.5,-115
ANA,2022-11-18T01:00Z,401458861,WPG,2022,Anaheim Ducks,2,Winnipeg Jets,3,280,,,-135,,,False,DraftKings,12,-120,3,REG,-140,120,-1.5,Final,6.0,100
NYR,2022-11-18T03:00Z,401458856,SEA,2022,New York Rangers,2,Seattle Kraken,3,110,,,185,,,False,DraftKings,12,100,4,OT,185,-215,1.5,Final/OT,6.0,-120
ARI,2022-11-18T03:00Z,401458860,VGK,2022,Arizona Coyotes,1,Vegas Golden Knights,4,500,,,-260,,,False,DraftKings,12,100,3,REG,130,-150,-1.5,Final,6.5,-120
DET,2022-11-18T03:30Z,401458855,SJ,2022,Detroit Red Wings,7,San Jose Sharks,4,165,,,125,,,False,DraftKings,12,-105,3,REG,-240,200,-1.5,Final,6.0,-115
LA,2022-11-19T03:00Z,401458862,VAN,2022,Los Angeles Kings,1,Vancouver Canucks,4,140,,,145,,,False,DraftKings,12,330,3,REG,225,-265,1.5,Final,8.5,-505
NJ,2022-11-19T18:00Z,401458871,OTT,2022,New Jersey Devils,5,Ottawa Senators,1,110,,,180,,,False,DraftKings,11,-130,3,REG,170,-200,1.5,Final,6.5,110
CGY,2022-11-19T21:00Z,401458867,FLA,2022,Calgary Flames,5,Florida Panthers,4,180,,,110,,,False,DraftKings,12,105,5,SO,-210,180,-1.5,Final/SO,6.5,-125
CHI,2022-11-20T00:00Z,401458863,BOS,2022,Chicago Blackhawks,1,Boston Bruins,6,600,,,-295,,,False,DraftKings,12,-105,3,REG,145,-170,-1.5,Final,6.0,-115
DET,2022-11-20T00:00Z,401458864,CBJ,2022,Detroit Red Wings,6,Columbus Blue Jackets,1,115,,,175,,,False,DraftKings,12,-125,3,REG,175,-205,1.5,Final,6.5,105
PHI,2022-11-20T00:00Z,401458869,MTL,2022,Philadelphia Flyers,4,Montreal Canadiens,5,175,,,115,,,False,DraftKings,12,-115,5,SO,-225,190,-1.5,Final/SO,6.0,-105
BUF,2022-11-20T00:00Z,401458875,TOR,2022,Buffalo Sabres,2,Toronto Maple Leafs,5,370,,,-190,,,False,DraftKings,12,100,3,REG,-105,-115,-1.5,Final,6.5,-120
COL,2022-11-20T00:00Z,401458876,WSH,2022,Colorado Avalanche,4,Washington Capitals,0,120,,,175,,,False,DraftKings,12,-110,3,REG,200,-240,1.5,Final,6.0,-110
PIT,2022-11-20T00:00Z,401458877,WPG,2022,Pittsburgh Penguins,3,Winnipeg Jets,0,125,,,160,,,False,DraftKings,12,-105,3,REG,195,-230,1.5,Final,6.5,-115
NYI,2022-11-20T01:00Z,401458865,DAL,2022,New York Islanders,2,Dallas Stars,5,205,,,100,,,False,DraftKings,12,100,3,REG,-200,170,-1.5,Final,6.0,-120
CAR,2022-11-20T01:00Z,401458868,MIN,2022,Carolina Hurricanes,1,Minnesota Wild,2,120,,,170,,,False,DraftKings,12,-120,4,OT,195,-230,1.5,Final/OT,6.0,100
TB,2022-11-20T01:00Z,401458870,NSH,2022,Tampa Bay Lightning,3,Nashville Predators,2,120,,,170,,,False,DraftKings,12,-105,4,OT,195,-230,1.5,Final/OT,6.0,-115
ANA,2022-11-20T01:00Z,401458874,STL,2022,Anaheim Ducks,2,St. Louis Blues,6,250,,,-125,,,False,DraftKings,12,-105,3,REG,-155,135,-1.5,Final,6.0,-115
VGK,2022-11-20T03:00Z,401458866,EDM,2022,Vegas Golden Knights,3,Edmonton Oilers,4,130,,,145,,,False,DraftKings,12,-125,4,OT,210,-250,1.5,Final/OT,6.5,105
LA,2022-11-20T03:00Z,401458873,SEA,2022,Los Angeles Kings,2,Seattle Kraken,3,175,,,115,,,False,DraftKings,12,-110,4,OT,-230,195,-1.5,Final/OT,6.0,-110
NYR,2022-11-20T03:30Z,401458872,SJ,2022,New York Rangers,2,San Jose Sharks,1,-110,,,225,,,False,DraftKings,12,-105,3,REG,150,-175,1.5,Final,6.0,-115
FLA,2022-11-20T23:00Z,401458879,CBJ,2022,Florida Panthers,3,Columbus Blue Jackets,5,-170,,,330,,,False,DraftKings,12,-120,3,REG,-105,-115,1.5,Final,6.5,100
PIT,2022-11-21T00:00Z,401458878,CHI,2022,Pittsburgh Penguins,5,Chicago Blackhawks,3,-145,,,295,,,False,DraftKings,12,100,3,REG,115,-135,1.5,Final,6.5,-120
EDM,2022-11-22T00:00Z,401458882,NJ,2022,Edmonton Oilers,2,New Jersey Devils,5,190,,,105,,,False,DraftKings,12,-130,3,REG,-195,165,-1.5,Final,6.5,110
CGY,2022-11-22T00:00Z,401458883,PHI,2022,Calgary Flames,5,Philadelphia Flyers,2,-150,,,300,,,False,DraftKings,12,100,3,REG,115,-135,1.5,Final,6.0,-120
BOS,2022-11-22T00:00Z,401458886,TB,2022,Boston Bruins,5,Tampa Bay Lightning,3,145,,,135,,,False,DraftKings,12,-110,3,REG,-275,230,-1.5,Final,6.0,-110
NYI,2022-11-22T00:30Z,401458887,TOR,2022,New York Islanders,3,Toronto Maple Leafs,2,225,,,-110,,,False,DraftKings,12,-125,4,OT,-170,145,-1.5,Final/OT,6.0,105
CAR,2022-11-22T00:30Z,401458889,WPG,2022,Carolina Hurricanes,3,Winnipeg Jets,4,-105,,,220,,,False,DraftKings,12,100,4,OT,150,-175,1.5,Final/OT,6.0,-120
ARI,2022-11-22T01:00Z,401458881,NSH,2022,Arizona Coyotes,3,Nashville Predators,4,330,,,-165,,,False,DraftKings,12,-110,5,SO,-120,100,-1.5,Final/SO,6.0,-110
ANA,2022-11-22T01:00Z,401458885,STL,2022,Anaheim Ducks,1,St. Louis Blues,3,265,,,-135,,,False,DraftKings,12,-125,3,REG,-145,125,-1.5,Final,6.0,105
COL,2022-11-22T01:30Z,401458880,DAL,2022,Colorado Avalanche,3,Dallas Stars,2,155,,,135,,,False,DraftKings,12,-115,5,SO,-250,210,-1.5,Final/SO,6.0,-105
OTT,2022-11-22T03:30Z,401458884,SJ,2022,Ottawa Senators,1,San Jose Sharks,5,145,,,135,,,False,DraftKings,12,-105,3,REG,-260,220,-1.5,Final,6.5,-115
VGK,2022-11-22T03:30Z,401458888,VAN,2022,Vegas Golden Knights,5,Vancouver Canucks,4,110,,,175,,,False,DraftKings,12,-110,3,REG,180,-210,1.5,Final,6.5,-110
BUF,2022-11-23T00:00Z,401458891,MTL,2022,Buffalo Sabres,7,Montreal Canadiens,2,145,,,140,,,False,DraftKings,12,-115,3,REG,-275,230,-1.5,Final,6.5,-105
NYR,2022-11-23T03:30Z,401458890,LA,2022,New York Rangers,5,Los Angeles Kings,3,120,,,175,,,False,DraftKings,12,100,3,REG,190,-225,1.5,Final,6.0,-120
STL,2022-11-24T00:00Z,401458893,BUF,2022,St. Louis Blues,2,Buffalo Sabres,6,110,,,180,,,False,DraftKings,12,-110,3,REG,180,-210,1.5,Final,6.5,-110
ARI,2022-11-24T00:00Z,401458894,CAR,2022,Arizona Coyotes,4,Carolina Hurricanes,0,475,,,-230,,,False,DraftKings,12,100,3,REG,115,-135,-1.5,Final,6.0,-120
MTL,2022-11-24T00:00Z,401458896,CBJ,2022,Montreal Canadiens,3,Columbus Blue Jackets,1,150,,,125,,,False,DraftKings,12,-135,3,REG,-245,205,-1.5,Final,6.5,115
NSH,2022-11-24T00:00Z,401458898,DET,2022,Nashville Predators,0,Detroit Red Wings,3,155,,,130,,,False,DraftKings,12,100,3,REG,-245,205,-1.5,Final,6.5,-120
BOS,2022-11-24T00:00Z,401458899,FLA,2022,Boston Bruins,2,Florida Panthers,5,150,,,130,,,False,DraftKings,12,-115,3,REG,-250,210,-1.5,Final,6.5,-105
WPG,2022-11-24T00:00Z,401458900,MIN,2022,Winnipeg Jets,1,Minnesota Wild,6,205,,,100,,,False,DraftKings,12,100,3,REG,-195,165,-1.5,Final,6.0,-120
TOR,2022-11-24T00:00Z,401458902,NJ,2022,Toronto Maple Leafs,2,New Jersey Devils,1,180,,,110,,,False,DraftKings,12,-105,3,REG,-210,180,-1.5,Final,6.5,-115
CGY,2022-11-24T00:00Z,401458903,PIT,2022,Calgary Flames,1,Pittsburgh Penguins,2,160,,,120,,,False,DraftKings,12,-120,5,SO,-230,195,-1.5,Final/SO,6.5,100
EDM,2022-11-24T00:30Z,401458901,NYI,2022,Edmonton Oilers,0,New York Islanders,3,160,,,130,,,False,DraftKings,12,-120,3,REG,-255,215,-1.5,Final,6.0,100
PHI,2022-11-24T00:30Z,401458906,WSH,2022,Philadelphia Flyers,2,Washington Capitals,3,330,,,-160,,,False,DraftKings,12,255,4,OT,-125,105,-1.5,Final/OT,7.5,-370
CHI,2022-11-24T01:30Z,401458897,DAL,2022,Chicago Blackhawks,4,Dallas Stars,6,400,,,-200,,,False,DraftKings,12,105,3,REG,100,-120,-1.5,Final,6.0,-125
NYR,2022-11-24T03:00Z,401458892,ANA,2022,New York Rangers,2,Anaheim Ducks,3,100,,,205,,,False,DraftKings,12,100,3,REG,160,-190,1.5,Final,6.5,-120
VAN,2022-11-24T03:00Z,401458895,COL,2022,Vancouver Canucks,4,Colorado Avalanche,3,260,,,-130,,,False,DraftKings,12,-125,3,REG,-145,125,-1.5,Final,6.5,105
SJ,2022-11-24T03:00Z,401458904,SEA,2022,San Jose Sharks,5,Seattle Kraken,8,215,,,-105,,,False,DraftKings,12,100,3,REG,-190,160,-1.5,Final,6.0,-120
OTT,2022-11-24T03:00Z,401458905,VGK,2022,Ottawa Senators,1,Vegas Golden Knights,4,295,,,-155,,,False,DraftKings,12,-135,3,REG,-125,105,-1.5,Final,6.5,115
CAR,2022-11-25T18:00Z,401458908,BOS,2022,Carolina Hurricanes,2,Boston Bruins,3,205,,,100,,,False,DraftKings,12,100,4,OT,-195,165,-1.5,Final/OT,6.0,-120
MTL,2022-11-25T19:00Z,401458910,CHI,2022,Montreal Canadiens,3,Chicago Blackhawks,2,165,,,120,,,False,DraftKings,12,-105,5,SO,-230,195,-1.5,Final/SO,6.5,-115
TOR,2022-11-25T19:00Z,401458914,MIN,2022,Toronto Maple Leafs,4,Minnesota Wild,3,140,,,140,,,False,DraftKings,12,-120,3,REG,-280,235,-1.5,Final,6.0,100
CGY,2022-11-25T19:00Z,401458920,WSH,2022,Calgary Flames,0,Washington Capitals,3,125,,,165,,,False,DraftKings,12,-105,3,REG,200,-240,1.5,Final,6.0,-115
OTT,2022-11-25T20:00Z,401458907,ANA,2022,Ottawa Senators,5,Anaheim Ducks,1,100,,,200,,,False,DraftKings,12,-105,3,REG,160,-190,1.5,Final,6.5,-115
PIT,2022-11-25T22:30Z,401458916,PHI,2022,Pittsburgh Penguins,4,Philadelphia Flyers,1,-150,,,310,,,False,DraftKings,12,-115,3,REG,110,-130,1.5,Final,6.0,-105
NJ,2022-11-26T01:00Z,401458909,BUF,2022,New Jersey Devils,3,Buffalo Sabres,1,-105,,,210,,,False,DraftKings,12,-125,3,REG,150,-175,1.5,Final,6.5,105
NYI,2022-11-26T01:00Z,401458911,CBJ,2022,New York Islanders,3,Columbus Blue Jackets,2,-120,,,240,,,False,DraftKings,12,-115,3,REG,140,-165,1.5,Final,6.0,-105
ARI,2022-11-26T01:00Z,401458913,DET,2022,Arizona Coyotes,3,Detroit Red Wings,4,275,,,-135,,,False,DraftKings,12,-110,5,SO,-145,125,-1.5,Final/SO,6.0,-110
STL,2022-11-26T01:00Z,401458918,TB,2022,St. Louis Blues,2,Tampa Bay Lightning,5,250,,,-120,,,False,DraftKings,12,-115,3,REG,-155,135,-1.5,Final,6.0,-105
SEA,2022-11-26T01:00Z,401458919,VGK,2022,Seattle Kraken,4,Vegas Golden Knights,2,230,,,-115,,,False,DraftKings,12,-105,3,REG,-165,140,-1.5,Final,6.5,-115
WPG,2022-11-26T01:30Z,401458912,DAL,2022,Winnipeg Jets,5,Dallas Stars,4,230,,,-115,,,False,DraftKings,12,100,4,OT,-175,150,-1.5,Final/OT,6.0,-120
LA,2022-11-26T03:30Z,401458917,SJ,2022,Los Angeles Kings,5,San Jose Sharks,2,110,,,180,,,False,DraftKings,12,-115,3,REG,185,-215,1.5,Final,6.0,-105
EDM,2022-11-26T18:00Z,401458925,NYR,2022,Edmonton Oilers,4,New York Rangers,3,215,,,-105,,,False,DraftKings,12,100,3,REG,-180,155,-1.5,Final,6.5,-120
CGY,2022-11-26T21:00Z,401458921,CAR,2022,Calgary Flames,2,Carolina Hurricanes,3,180,,,115,,,False,DraftKings,12,-115,3,REG,-215,185,-1.5,Final,6.0,-105
STL,2022-11-26T23:30Z,401458923,FLA,2022,St. Louis Blues,5,Florida Panthers,4,260,,,-130,,,False,DraftKings,12,-110,4,OT,-140,120,-1.5,Final/OT,6.5,-110
WSH,2022-11-27T00:00Z,401458927,NJ,2022,Washington Capitals,1,New Jersey Devils,5,230,,,-115,,,False,DraftKings,12,-135,3,REG,-150,130,-1.5,Final,6.0,115
TOR,2022-11-27T00:00Z,401458928,PIT,2022,Toronto Maple Leafs,4,Pittsburgh Penguins,1,165,,,115,,,False,DraftKings,12,-120,3,REG,-215,185,-1.5,Final,6.5,100
PHI,2022-11-27T00:30Z,401458924,NYI,2022,Philadelphia Flyers,2,New York Islanders,5,310,,,-150,,,False,DraftKings,12,100,3,REG,-135,115,-1.5,Final,6.0,-120
DAL,2022-11-27T02:00Z,401458922,COL,2022,Dallas Stars,1,Colorado Avalanche,4,220,,,-110,,,False,DraftKings,12,105,3,REG,-175,150,-1.5,Final,6.5,-125
VAN,2022-11-27T03:00Z,401458929,VGK,2022,Vancouver Canucks,5,Vegas Golden Knights,1,225,,,-115,,,False,DraftKings,12,-120,3,REG,-165,140,-1.5,Final,6.5,100
ARI,2022-11-27T19:00Z,401458933,MIN,2022,Arizona Coyotes,3,Minnesota Wild,4,400,,,-205,,,False,DraftKings,12,-120,3,REG,100,-120,-1.5,Final,6.0,100
WPG,2022-11-28T00:00Z,401458931,CHI,2022,Winnipeg Jets,7,Chicago Blackhawks,2,-110,,,230,,,False,DraftKings,12,-120,3,REG,150,-175,1.5,Final,5.5,100
SEA,2022-11-28T01:00Z,401458930,ANA,2022,Seattle Kraken,5,Anaheim Ducks,4,-115,,,235,,,False,DraftKings,12,-120,3,REG,140,-165,1.5,Final,6.0,100
VAN,2022-11-28T01:00Z,401458934,SJ,2022,Vancouver Canucks,4,San Jose Sharks,3,135,,,150,,,False,DraftKings,12,-115,4,OT,210,-250,1.5,Final/OT,6.5,-105
OTT,2022-11-28T03:30Z,401458932,LA,2022,Ottawa Senators,3,Los Angeles Kings,2,200,,,100,,,False,DraftKings,12,-110,4,OT,-190,160,-1.5,Final/OT,6.5,-110
TB,2022-11-29T00:00Z,401458935,BUF,2022,Tampa Bay Lightning,6,Buffalo Sabres,5,100,,,190,,,False,DraftKings,12,170,4,OT,160,-190,1.5,Final/OT,7.5,-230
VGK,2022-11-29T00:00Z,401458936,CBJ,2022,Vegas Golden Knights,3,Columbus Blue Jackets,2,-175,,,340,,,False,DraftKings,12,-115,5,SO,-105,-115,1.5,Final/SO,6.5,-105
TOR,2022-11-29T00:00Z,401458937,DET,2022,Toronto Maple Leafs,4,Detroit Red Wings,2,100,,,205,,,False,DraftKings,12,-125,3,REG,165,-195,1.5,Final,6.0,105
NJ,2022-11-29T00:00Z,401458939,NYR,2022,New Jersey Devils,5,New York Rangers,3,140,,,140,,,False,DraftKings,12,-105,3,REG,-240,200,-1.5,Final,6.0,-115
DAL,2022-11-29T01:00Z,401458940,STL,2022,Dallas Stars,4,St. Louis Blues,1,125,,,160,,,False,DraftKings,12,-120,3,REG,205,-245,1.5,Final,6.0,100
FLA,2022-11-29T02:30Z,401458938,EDM,2022,Florida Panthers,3,Edmonton Oilers,4,130,,,155,,,False,DraftKings,12,-115,4,OT,215,-255,1.5,Final/OT,6.5,-105
TB,2022-11-30T00:00Z,401458941,BOS,2022,Tampa Bay Lightning,1,Boston Bruins,3,220,,,-110,,,False,DraftKings,12,100,3,REG,-175,150,-1.5,Final,6.5,-120
SJ,2022-11-30T00:00Z,401458944,MTL,2022,San Jose Sharks,4,Montreal Canadiens,0,145,,,140,,,False,DraftKings,12,-105,3,REG,-265,225,-1.5,Final,6.5,-115
CAR,2022-11-30T00:00Z,401458947,PIT,2022,Carolina Hurricanes,3,Pittsburgh Penguins,2,150,,,135,,,False,DraftKings,12,-110,4,OT,-265,225,-1.5,Final/OT,6.0,-110
NYI,2022-11-30T00:30Z,401458946,PHI,2022,New York Islanders,1,Philadelphia Flyers,3,-120,,,260,,,False,DraftKings,12,100,3,REG,135,-155,1.5,Final,5.5,-120
ANA,2022-11-30T01:00Z,401458945,NSH,2022,Anaheim Ducks,1,Nashville Predators,2,320,,,-155,,,False,DraftKings,12,105,4,OT,-125,105,-1.5,Final/OT,6.5,-125
COL,2022-11-30T01:00Z,401458949,WPG,2022,Colorado Avalanche,0,Winnipeg Jets,5,120,,,170,,,False,DraftKings,12,-110,3,REG,175,-205,1.5,Final,6.0,-110
FLA,2022-11-30T02:00Z,401458942,CGY,2022,Florida Panthers,2,Calgary Flames,6,200,,,100,,,False,DraftKings,12,-105,3,REG,-190,160,-1.5,Final,6.5,-115
WSH,2022-11-30T03:00Z,401458948,VAN,2022,Washington Capitals,5,Vancouver Canucks,1,155,,,130,,,False,DraftKings,12,-110,3,REG,-250,210,-1.5,Final,6.5,-110
SEA,2022-11-30T03:30Z,401458943,LA,2022,Seattle Kraken,9,Los Angeles Kings,8,180,,,115,,,False,DraftKings,12,-120,4,OT,-225,190,-1.5,Final/OT,5.5,100
BUF,2022-12-01T00:00Z,401458951,DET,2022,Buffalo Sabres,5,Detroit Red Wings,4,165,,,115,,,False,DraftKings,12,115,5,SO,-215,185,-1.5,Final/SO,7.0,-135
NYR,2022-12-01T00:00Z,401458952,OTT,2022,New York Rangers,3,Ottawa Senators,1,150,,,130,,,False,DraftKings,11,-120,3,REG,-250,210,-1.5,Final,6.5,100
SJ,2022-12-01T00:00Z,401458953,TOR,2022,San Jose Sharks,1,Toronto Maple Leafs,3,400,,,-205,,,False,DraftKings,12,100,3,REG,100,-120,-1.5,Final,6.5,-120
EDM,2022-12-01T02:30Z,401458950,CHI,2022,Edmonton Oilers,5,Chicago Blackhawks,4,-145,,,285,,,False,DraftKings,12,100,3,REG,115,-135,1.5,Final,6.5,-120
COL,2022-12-02T00:00Z,401458954,BUF,2022,Colorado Avalanche,6,Buffalo Sabres,4,-120,,,230,,,False,DraftKings,12,-105,3,REG,140,-165,1.5,Final,6.5,-115
NSH,2022-12-02T00:00Z,401458959,NJ,2022,Nashville Predators,4,New Jersey Devils,3,260,,,-130,,,False,DraftKings,12,-120,4,OT,-150,130,-1.5,Final/OT,6.0,100
TB,2022-12-02T00:00Z,401458960,PHI,2022,Tampa Bay Lightning,4,Philadelphia Flyers,1,-145,,,290,,,False,DraftKings,12,100,3,REG,120,-140,1.5,Final,6.0,-120
VGK,2022-12-02T00:00Z,401458961,PIT,2022,Vegas Golden Knights,3,Pittsburgh Penguins,4,155,,,130,,,False,DraftKings,12,100,3,REG,-255,215,-1.5,Final,6.5,-120
EDM,2022-12-02T01:00Z,401458958,MIN,2022,Edmonton Oilers,3,Minnesota Wild,5,200,,,-105,,,False,DraftKings,12,-135,3,REG,-175,150,-1.5,Final,6.5,115
CAR,2022-12-02T01:00Z,401458963,STL,2022,Carolina Hurricanes,6,St. Louis Blues,4,110,,,190,,,False,DraftKings,12,-105,3,REG,185,-215,1.5,Final,5.5,-115
ANA,2022-12-02T01:30Z,401458956,DAL,2022,Anaheim Ducks,0,Dallas Stars,5,400,,,-200,,,False,DraftKings,12,-120,3,REG,100,-120,-1.5,Final,6.0,100
MTL,2022-12-02T02:00Z,401458955,CGY,2022,Montreal Canadiens,2,Calgary Flames,1,400,,,-200,,,False,DraftKings,12,-115,3,REG,-105,-115,-1.5,Final,6.0,-105
WSH,2022-12-02T03:00Z,401458962,SEA,2022,Washington Capitals,2,Seattle Kraken,3,160,,,125,,,False,DraftKings,12,100,4,OT,-245,205,-1.5,Final/OT,6.0,-120
FLA,2022-12-02T03:00Z,401458964,VAN,2022,Florida Panthers,5,Vancouver Canucks,1,105,,,185,,,False,DraftKings,12,-120,3,REG,175,-205,1.5,Final,6.5,100
ARI,2022-12-02T03:30Z,401458957,LA,2022,Arizona Coyotes,3,Los Angeles Kings,5,320,,,-160,,,False,DraftKings,12,-115,3,REG,-120,100,-1.5,Final,6.0,-105
OTT,2022-12-03T00:00Z,401458966,NYR,2022,Ottawa Senators,3,New York Rangers,2,255,,,-130,,,False,DraftKings,12,100,4,OT,-155,135,-1.5,Final/OT,6.5,-120
NSH,2022-12-03T00:30Z,401458965,NYI,2022,Nashville Predators,4,New York Islanders,1,220,,,-110,,,False,DraftKings,11,-105,3,REG,-195,165,-1.5,Final,6.0,-115
CBJ,2022-12-03T01:00Z,401458967,WPG,2022,Columbus Blue Jackets,4,Winnipeg Jets,1,285,,,-140,,,False,DraftKings,12,-115,3,REG,-140,120,-1.5,Final,6.5,-105
ANA,2022-12-03T19:00Z,401458973,MIN,2022,Anaheim Ducks,4,Minnesota Wild,5,390,,,-195,,,False,DraftKings,12,100,5,SO,-105,-115,-1.5,Final/SO,6.5,-120
COL,2022-12-04T00:00Z,401458968,BOS,2022,Colorado Avalanche,1,Boston Bruins,5,230,,,-115,,,False,DraftKings,12,-120,3,REG,-165,140,-1.5,Final,6.0,100
VGK,2022-12-04T00:00Z,401458970,DET,2022,Vegas Golden Knights,4,Detroit Red Wings,1,115,,,170,,,False,DraftKings,12,-115,3,REG,180,-210,1.5,Final,6.5,-105
MTL,2022-12-04T00:00Z,401458971,EDM,2022,Montreal Canadiens,3,Edmonton Oilers,5,310,,,-160,,,False,DraftKings,11,-120,3,REG,-120,100,-1.5,Final,6.5,100
SJ,2022-12-04T00:00Z,401458975,OTT,2022,San Jose Sharks,2,Ottawa Senators,5,190,,,105,,,False,DraftKings,12,-110,3,REG,-195,165,-1.5,Final,6.5,-110
NJ,2022-12-04T00:00Z,401458976,PHI,2022,New Jersey Devils,3,Philadelphia Flyers,2,-150,,,300,,,False,DraftKings,12,-105,3,REG,115,-135,1.5,Final,6.0,-115
STL,2022-12-04T00:00Z,401458977,PIT,2022,St. Louis Blues,2,Pittsburgh Penguins,6,245,,,-120,,,False,DraftKings,12,-120,3,REG,-165,140,-1.5,Final,6.0,100
TOR,2022-12-04T00:00Z,401458979,TB,2022,Toronto Maple Leafs,3,Tampa Bay Lightning,4,170,,,115,,,False,DraftKings,12,100,4,OT,-225,190,-1.5,Final/OT,6.0,-120
CHI,2022-12-04T00:30Z,401458974,NYR,2022,Chicago Blackhawks,5,New York Rangers,2,360,,,-175,,,False,DraftKings,12,-110,3,REG,-115,-105,-1.5,Final,6.0,-110
WSH,2022-12-04T03:00Z,401458969,CGY,2022,Washington Capitals,2,Calgary Flames,5,210,,,100,,,False,DraftKings,12,100,3,REG,-180,155,-1.5,Final,6.0,-120
FLA,2022-12-04T03:00Z,401458978,SEA,2022,Florida Panthers,5,Seattle Kraken,1,130,,,155,,,False,DraftKings,12,100,3,REG,200,-240,1.5,Final,6.5,-120
ARI,2022-12-04T03:00Z,401458980,VAN,2022,Arizona Coyotes,2,Vancouver Canucks,3,295,,,-145,,,False,DraftKings,12,100,4,OT,-130,110,-1.5,Final/OT,6.5,-120
CAR,2022-12-04T03:30Z,401458972,LA,2022,Carolina Hurricanes,4,Los Angeles Kings,2,115,,,175,,,False,DraftKings,12,100,3,REG,190,-225,1.5,Final,6.0,-120
MIN,2022-12-04T20:00Z,401458983,DAL,2022,Minnesota Wild,6,Dallas Stars,5,195,,,100,,,False,DraftKings,12,-115,5,SO,-195,165,-1.5,Final/SO,6.0,-105
ANA,2022-12-04T20:00Z,401458985,WPG,2022,Anaheim Ducks,2,Winnipeg Jets,5,360,,,-175,,,False,DraftKings,12,-115,3,REG,-110,-110,-1.5,Final,6.0,-105
DET,2022-12-04T23:00Z,401458982,CBJ,2022,Detroit Red Wings,4,Columbus Blue Jackets,2,120,,,160,,,False,DraftKings,12,205,3,REG,195,-230,1.5,Final,7.5,-285
SJ,2022-12-05T00:00Z,401458981,BUF,2022,San Jose Sharks,3,Buffalo Sabres,6,195,,,100,,,False,DraftKings,12,190,3,REG,-180,155,-1.5,Final,7.5,-260
CHI,2022-12-05T00:30Z,401458984,NYI,2022,Chicago Blackhawks,0,New York Islanders,3,370,,,-180,,,False,DraftKings,11,-115,3,REG,-115,-105,-1.5,Final,5.5,-105
VGK,2022-12-06T00:00Z,401458986,BOS,2022,Vegas Golden Knights,4,Boston Bruins,3,260,,,-125,,,False,DraftKings,12,-105,5,SO,-150,130,-1.5,Final/SO,6.0,-115
STL,2022-12-06T00:00Z,401458989,NYR,2022,St. Louis Blues,4,New York Rangers,6,225,,,-110,,,False,DraftKings,12,-105,3,REG,-170,145,-1.5,Final,6.0,-115
COL,2022-12-06T00:00Z,401458990,PHI,2022,Colorado Avalanche,3,Philadelphia Flyers,5,-125,,,260,,,False,DraftKings,12,-125,3,REG,135,-155,1.5,Final,5.5,105
WSH,2022-12-06T01:30Z,401458988,EDM,2022,Washington Capitals,3,Edmonton Oilers,2,210,,,-105,,,False,DraftKings,12,-115,3,REG,-175,150,-1.5,Final,6.5,-105
ARI,2022-12-06T02:00Z,401458987,CGY,2022,Arizona Coyotes,2,Calgary Flames,3,450,,,-220,,,False,DraftKings,12,-110,3,REG,105,-125,-1.5,Final,6.0,-110
MTL,2022-12-06T03:30Z,401458991,VAN,2022,Montreal Canadiens,6,Vancouver Canucks,7,290,,,-150,,,False,DraftKings,12,-120,4,OT,-135,115,-1.5,Final/OT,6.5,100
CHI,2022-12-07T00:00Z,401458995,NJ,2022,Chicago Blackhawks,0,New Jersey Devils,3,475,,,-240,,,False,DraftKings,12,100,3,REG,135,-155,-1.5,Final,6.5,-120
LA,2022-12-07T00:00Z,401458996,OTT,2022,Los Angeles Kings,5,Ottawa Senators,2,145,,,140,,,False,DraftKings,12,-120,3,REG,-250,210,-1.5,Final,6.5,100
CBJ,2022-12-07T00:00Z,401458997,PIT,2022,Columbus Blue Jackets,1,Pittsburgh Penguins,4,390,,,-195,,,False,DraftKings,12,-115,3,REG,100,-120,-1.5,Final,6.5,-105
DET,2022-12-07T00:00Z,401458999,TB,2022,Detroit Red Wings,4,Tampa Bay Lightning,2,330,,,-165,,,False,DraftKings,12,-125,3,REG,-120,100,-1.5,Final,6.0,105
STL,2022-12-07T00:30Z,401458994,NYI,2022,St. Louis Blues,7,New York Islanders,4,245,,,-120,,,False,DraftKings,12,-120,3,REG,-170,145,-1.5,Final,5.5,100
FLA,2022-12-07T01:00Z,401459000,WPG,2022,Florida Panthers,2,Winnipeg Jets,5,125,,,160,,,False,DraftKings,12,-105,3,REG,210,-250,1.5,Final,6.0,-115
TOR,2022-12-07T01:30Z,401458993,DAL,2022,Toronto Maple Leafs,4,Dallas Stars,0,155,,,130,,,False,DraftKings,12,225,3,REG,-245,205,-1.5,Final,7.5,-320
CAR,2022-12-07T03:00Z,401458992,ANA,2022,Carolina Hurricanes,3,Anaheim Ducks,4,-185,,,370,,,False,DraftKings,12,-105,4,OT,-115,-105,1.5,Final/OT,6.0,-115
MTL,2022-12-07T03:00Z,401458998,SEA,2022,Montreal Canadiens,4,Seattle Kraken,2,380,,,-190,,,False,DraftKings,12,215,3,REG,-110,-110,-1.5,Final,7.5,-300
WSH,2022-12-08T00:00Z,401459005,PHI,2022,Washington Capitals,4,Philadelphia Flyers,1,110,,,185,,,False,DraftKings,11,-125,3,REG,170,-200,1.5,Final,6.0,105
BUF,2022-12-08T00:30Z,401459003,CBJ,2022,Buffalo Sabres,9,Columbus Blue Jackets,4,-115,,,220,,,False,DraftKings,12,-135,3,REG,155,-180,1.5,Final,6.5,115
MIN,2022-12-08T01:00Z,401459001,CGY,2022,Minnesota Wild,3,Calgary Flames,5,195,,,105,,,False,DraftKings,12,-120,3,REG,-200,170,-1.5,Final,6.0,100
BOS,2022-12-08T02:00Z,401459002,COL,2022,Boston Bruins,4,Colorado Avalanche,0,-130,,,270,,,False,DraftKings,12,-105,3,REG,140,-165,1.5,Final,6.0,-115
ARI,2022-12-08T02:30Z,401459004,EDM,2022,Arizona Coyotes,2,Edmonton Oilers,8,400,,,-200,,,False,DraftKings,12,100,3,REG,110,-130,-1.5,Final,6.5,-120
NYR,2022-12-08T03:00Z,401459007,VGK,2022,New York Rangers,5,Vegas Golden Knights,1,185,,,110,,,False,DraftKings,12,100,3,REG,-225,190,-1.5,Final,6.0,-120
VAN,2022-12-08T03:30Z,401459006,SJ,2022,Vancouver Canucks,6,San Jose Sharks,5,130,,,150,,,False,DraftKings,12,-130,4,OT,210,-250,1.5,Final/OT,6.5,110
NSH,2022-12-09T00:00Z,401459011,TB,2022,Nashville Predators,2,Tampa Bay Lightning,5,220,,,-115,,,False,DraftKings,12,-105,3,REG,-170,145,-1.5,Final,6.5,-115
LA,2022-12-09T00:00Z,401459012,TOR,2022,Los Angeles Kings,0,Toronto Maple Leafs,5,240,,,-120,,,False,DraftKings,12,-105,3,REG,-165,140,-1.5,Final,6.0,-115
DET,2022-12-09T00:30Z,401459009,FLA,2022,Detroit Red Wings,1,Florida Panthers,5,265,,,-135,,,False,DraftKings,12,-110,3,REG,-150,130,-1.5,Final,6.5,-110
WPG,2022-12-09T01:00Z,401459010,STL,2022,Winnipeg Jets,5,St. Louis Blues,2,125,,,160,,,False,DraftKings,12,-105,3,REG,215,-255,1.5,Final,6.0,-115
OTT,2022-12-09T01:30Z,401459008,DAL,2022,Ottawa Senators,3,Dallas Stars,4,240,,,-125,,,False,DraftKings,12,-125,4,OT,-150,130,-1.5,Final/OT,6.5,105
PIT,2022-12-10T00:00Z,401459015,BUF,2022,Pittsburgh Penguins,4,Buffalo Sabres,3,105,,,180,,,False,DraftKings,11,110,4,OT,160,-190,1.5,Final/OT,7.0,-130
CGY,2022-12-10T00:00Z,401459018,CBJ,2022,Calgary Flames,1,Columbus Blue Jackets,3,-155,,,310,,,False,DraftKings,12,-105,3,REG,100,-120,1.5,Final,6.5,-115
NYI,2022-12-10T00:00Z,401459020,NJ,2022,New York Islanders,6,New Jersey Devils,4,280,,,-135,,,False,DraftKings,12,-110,3,REG,-135,115,-1.5,Final,6.0,-110
SEA,2022-12-10T00:00Z,401459022,WSH,2022,Seattle Kraken,1,Washington Capitals,4,190,,,105,,,False,DraftKings,12,-120,3,REG,-195,165,-1.5,Final,6.0,100
WPG,2022-12-10T01:30Z,401459016,CHI,2022,Winnipeg Jets,3,Chicago Blackhawks,1,110,,,180,,,False,DraftKings,12,-130,3,REG,165,-195,1.5,Final,6.0,110
NYR,2022-12-10T02:00Z,401459017,COL,2022,New York Rangers,2,Colorado Avalanche,1,100,,,200,,,False,DraftKings,12,-115,5,SO,170,-200,1.5,Final/SO,5.5,-105
MIN,2022-12-10T02:00Z,401459019,EDM,2022,Minnesota Wild,2,Edmonton Oilers,5,155,,,130,,,False,DraftKings,12,-105,3,REG,-230,195,-1.5,Final,6.5,-115
BOS,2022-12-10T02:30Z,401459014,ARI,2022,Boston Bruins,3,Arizona Coyotes,4,-215,,,450,,,False,DraftKings,12,-115,3,REG,-140,120,1.5,Final,6.0,-105
SJ,2022-12-10T03:00Z,401459013,ANA,2022,San Jose Sharks,6,Anaheim Ducks,1,140,,,140,,,False,DraftKings,12,-125,3,REG,215,-255,1.5,Final,6.5,105
PHI,2022-12-10T03:00Z,401459021,VGK,2022,Philadelphia Flyers,1,Vegas Golden Knights,2,320,,,-160,,,False,DraftKings,12,-120,4,OT,-120,100,-1.5,Final/OT,6.0,100
OTT,2022-12-10T18:30Z,401459026,NSH,2022,Ottawa Senators,3,Nashville Predators,2,175,,,110,,,False,DraftKings,12,-110,3,REG,-200,170,-1.5,Final,6.5,-110
DET,2022-12-10T19:00Z,401459023,DAL,2022,Detroit Red Wings,2,Dallas Stars,3,270,,,-135,,,False,DraftKings,12,-105,4,OT,-145,125,-1.5,Final/OT,6.5,-115
FLA,2022-12-10T21:30Z,401459028,TB,2022,Florida Panthers,1,Tampa Bay Lightning,4,185,,,110,,,False,DraftKings,12,-110,3,REG,-200,170,-1.5,Final,6.5,-110
LA,2022-12-11T00:00Z,401459024,MTL,2022,Los Angeles Kings,4,Montreal Canadiens,2,-105,,,210,,,False,DraftKings,12,-105,3,REG,150,-175,1.5,Final,6.5,-115
BUF,2022-12-11T00:00Z,401459027,PIT,2022,Buffalo Sabres,1,Pittsburgh Penguins,3,270,,,-140,,,False,DraftKings,12,-135,3,REG,-130,110,-1.5,Final,6.5,115
CGY,2022-12-11T00:00Z,401459029,TOR,2022,Calgary Flames,4,Toronto Maple Leafs,5,230,,,-110,,,False,DraftKings,12,100,4,OT,-175,150,-1.5,Final/OT,6.0,-120
CAR,2022-12-11T00:30Z,401459025,NYI,2022,Carolina Hurricanes,3,New York Islanders,0,115,,,180,,,False,DraftKings,12,-120,3,REG,185,-215,1.5,Final,5.5,100
MIN,2022-12-11T03:00Z,401459030,VAN,2022,Minnesota Wild,3,Vancouver Canucks,0,145,,,135,,,False,DraftKings,12,-130,3,REG,-250,210,-1.5,Final,6.5,110
COL,2022-12-11T20:00Z,401459034,STL,2022,Colorado Avalanche,3,St. Louis Blues,2,140,,,145,,,False,DraftKings,12,-105,4,OT,225,-265,1.5,Final/OT,6.0,-115
LA,2022-12-11T23:00Z,401459032,CBJ,2022,Los Angeles Kings,5,Columbus Blue Jackets,6,110,,,180,,,False,DraftKings,12,100,4,OT,175,-205,1.5,Final/OT,6.5,-120
SEA,2022-12-11T23:00Z,401459033,FLA,2022,Seattle Kraken,5,Florida Panthers,2,195,,,100,,,False,DraftKings,12,-120,3,REG,-180,155,-1.5,Final,6.5,100
PHI,2022-12-12T00:00Z,401459031,ARI,2022,Philadelphia Flyers,4,Arizona Coyotes,5,155,,,135,,,False,DraftKings,12,-105,4,OT,-260,220,-1.5,Final/OT,5.5,-115
WSH,2022-12-12T00:00Z,401459036,WPG,2022,Washington Capitals,5,Winnipeg Jets,2,180,,,115,,,False,DraftKings,12,-110,3,REG,-215,185,-1.5,Final,6.0,-110
BOS,2022-12-12T01:00Z,401459035,VGK,2022,Boston Bruins,3,Vegas Golden Knights,1,-110,,,225,,,False,DraftKings,12,100,3,REG,150,-175,1.5,Final,6.0,-120
CGY,2022-12-13T00:00Z,401459038,MTL,2022,Calgary Flames,1,Montreal Canadiens,2,-125,,,260,,,False,DraftKings,12,-105,5,SO,130,-150,1.5,Final/SO,6.0,-115
NJ,2022-12-13T00:00Z,401459039,NYR,2022,New Jersey Devils,3,New York Rangers,4,135,,,150,,,False,DraftKings,12,-110,4,OT,225,-265,1.5,Final/OT,6.0,-110
DAL,2022-12-13T00:00Z,401459041,PIT,2022,Dallas Stars,1,Pittsburgh Penguins,2,160,,,125,,,False,DraftKings,12,100,3,REG,-230,195,-1.5,Final,6.5,-120
ANA,2022-12-13T00:30Z,401459040,OTT,2022,Anaheim Ducks,0,Ottawa Senators,3,285,,,-145,,,False,DraftKings,12,-125,3,REG,-125,105,-1.5,Final,6.5,105
EDM,2022-12-13T01:00Z,401459037,MIN,2022,Edmonton Oilers,1,Minnesota Wild,2,155,,,125,,,False,DraftKings,12,-120,3,REG,-230,195,-1.5,Final,6.5,100
NSH,2022-12-13T01:00Z,401459042,STL,2022,Nashville Predators,0,St. Louis Blues,1,125,,,160,,,False,DraftKings,12,-110,4,OT,200,-240,1.5,Final/OT,6.0,-110
NYI,2022-12-14T00:00Z,401459043,BOS,2022,New York Islanders,3,Boston Bruins,4,310,,,-150,,,False,DraftKings,12,-125,5,SO,-125,105,-1.5,Final/SO,5.5,105
LA,2022-12-14T00:00Z,401459044,BUF,2022,Los Angeles Kings,0,Buffalo Sabres,6,140,,,135,,,False,DraftKings,12,170,3,REG,220,-260,1.5,Final,7.5,-230
CAR,2022-12-14T00:00Z,401459047,DET,2022,Carolina Hurricanes,1,Detroit Red Wings,0,100,,,205,,,False,DraftKings,12,-105,3,REG,155,-180,1.5,Final,6.0,-115
CBJ,2022-12-14T00:00Z,401459048,FLA,2022,Columbus Blue Jackets,0,Florida Panthers,4,340,,,-175,,,False,DraftKings,12,-120,3,REG,-110,-110,-1.5,Final,6.5,100
DAL,2022-12-14T00:00Z,401459050,NJ,2022,Dallas Stars,4,New Jersey Devils,1,205,,,-105,,,False,DraftKings,12,-105,3,REG,-170,145,-1.5,Final,6.5,-115
SEA,2022-12-14T00:00Z,401459052,TB,2022,Seattle Kraken,2,Tampa Bay Lightning,6,230,,,-115,,,False,DraftKings,11,100,3,REG,-150,130,-1.5,Final,6.5,-120
ANA,2022-12-14T00:00Z,401459053,TOR,2022,Anaheim Ducks,0,Toronto Maple Leafs,7,550,,,-275,,,False,DraftKings,12,100,3,REG,160,-190,-1.5,Final,6.5,-120
EDM,2022-12-14T01:00Z,401459049,NSH,2022,Edmonton Oilers,6,Nashville Predators,3,125,,,160,,,False,DraftKings,12,-125,3,REG,190,-225,1.5,Final,6.5,105
VGK,2022-12-14T01:00Z,401459054,WPG,2022,Vegas Golden Knights,6,Winnipeg Jets,5,190,,,110,,,False,DraftKings,12,100,3,REG,-205,175,-1.5,Final,6.0,-120
WSH,2022-12-14T02:00Z,401459045,CHI,2022,Washington Capitals,7,Chicago Blackhawks,3,-125,,,255,,,False,DraftKings,12,-115,3,REG,130,-150,1.5,Final,6.0,-105
PHI,2022-12-14T02:00Z,401459046,COL,2022,Philadelphia Flyers,2,Colorado Avalanche,3,300,,,-145,,,False,DraftKings,12,100,3,REG,-130,110,-1.5,Final,6.0,-120
ARI,2022-12-14T03:30Z,401459051,SJ,2022,Arizona Coyotes,2,San Jose Sharks,3,220,,,-110,,,False,DraftKings,12,-115,3,REG,-170,145,-1.5,Final,6.0,-105
MTL,2022-12-15T00:00Z,401459057,OTT,2022,Montreal Canadiens,2,Ottawa Senators,3,280,,,-140,,,False,DraftKings,12,-105,3,REG,-135,115,-1.5,Final,6.5,-115
DET,2022-12-15T00:30Z,401459056,MIN,2022,Detroit Red Wings,1,Minnesota Wild,4,330,,,-165,,,False,DraftKings,12,100,3,REG,-115,-105,-1.5,Final,6.5,-120
VAN,2022-12-15T03:00Z,401459055,CGY,2022,Vancouver Canucks,4,Calgary Flames,3,235,,,-120,,,False,DraftKings,10,-105,5,SO,-155,135,-1.5,Final/SO,6.5,-115
LA,2022-12-16T00:00Z,401459058,BOS,2022,Los Angeles Kings,3,Boston Bruins,2,300,,,-145,,,False,DraftKings,12,-110,5,SO,-130,110,-1.5,Final/SO,6.0,-110
SEA,2022-12-16T00:00Z,401459059,CAR,2022,Seattle Kraken,2,Carolina Hurricanes,3,255,,,-125,,,False,DraftKings,12,-120,3,REG,-155,135,-1.5,Final,5.5,100
PIT,2022-12-16T00:00Z,401459063,FLA,2022,Pittsburgh Penguins,4,Florida Panthers,2,145,,,140,,,False,DraftKings,12,100,3,REG,-260,220,-1.5,Final,6.5,-120
ANA,2022-12-16T00:00Z,401459064,MTL,2022,Anaheim Ducks,5,Montreal Canadiens,2,195,,,100,,,False,DraftKings,12,100,3,REG,-190,160,-1.5,Final,6.5,-120
TOR,2022-12-16T00:00Z,401459065,NYR,2022,Toronto Maple Leafs,1,New York Rangers,3,125,,,160,,,False,DraftKings,12,285,3,REG,205,-245,1.5,Final,7.5,-425
PHI,2022-12-16T00:00Z,401459066,NJ,2022,Philadelphia Flyers,2,New Jersey Devils,1,360,,,-175,,,False,DraftKings,12,-115,3,REG,-110,-110,-1.5,Final,6.0,-105
CBJ,2022-12-16T00:00Z,401459067,TB,2022,Columbus Blue Jackets,1,Tampa Bay Lightning,4,390,,,-200,,,False,DraftKings,12,-130,3,REG,110,-130,-1.5,Final,6.5,110
DAL,2022-12-16T00:00Z,401459068,WSH,2022,Dallas Stars,2,Washington Capitals,1,135,,,145,,,False,DraftKings,12,-110,3,REG,220,-260,1.5,Final,6.0,-110
NSH,2022-12-16T01:00Z,401459069,WPG,2022,Nashville Predators,1,Winnipeg Jets,2,205,,,100,,,False,DraftKings,12,-115,4,OT,-180,155,-1.5,Final/OT,6.0,-105
VGK,2022-12-16T01:30Z,401459060,CHI,2022,Vegas Golden Knights,4,Chicago Blackhawks,1,-130,,,265,,,False,DraftKings,12,-110,3,REG,125,-145,1.5,Final,6.0,-110
BUF,2022-12-16T02:00Z,401459061,COL,2022,Buffalo Sabres,4,Colorado Avalanche,2,230,,,-115,,,False,DraftKings,12,-105,3,REG,-165,140,-1.5,Final,6.5,-115
STL,2022-12-16T02:00Z,401459062,EDM,2022,St. Louis Blues,4,Edmonton Oilers,3,215,,,-110,,,False,DraftKings,12,100,5,SO,-170,145,-1.5,Final/SO,6.5,-120
CHI,2022-12-17T01:00Z,401459072,MIN,2022,Chicago Blackhawks,1,Minnesota Wild,4,550,,,-265,,,False,DraftKings,12,-110,3,REG,145,-170,-1.5,Final,6.0,-110
STL,2022-12-17T02:00Z,401459071,CGY,2022,St. Louis Blues,5,Calgary Flames,2,275,,,-135,,,False,DraftKings,12,100,3,REG,-135,115,-1.5,Final,6.0,-120
NYI,2022-12-17T02:30Z,401459070,ARI,2022,New York Islanders,4,Arizona Coyotes,5,-110,,,230,,,False,DraftKings,12,-110,3,REG,140,-165,1.5,Final,5.5,-110
CBJ,2022-12-17T18:00Z,401459074,BOS,2022,Columbus Blue Jackets,2,Boston Bruins,4,550,,,-270,,,False,DraftKings,12,-105,3,REG,145,-170,-1.5,Final,6.5,-115
OTT,2022-12-17T18:00Z,401459077,DET,2022,Ottawa Senators,6,Detroit Red Wings,3,140,,,140,,,False,DraftKings,12,-115,3,REG,-250,210,-1.5,Final,6.0,-105
ANA,2022-12-17T21:00Z,401459078,EDM,2022,Anaheim Ducks,4,Edmonton Oilers,3,425,,,-215,,,False,DraftKings,12,-130,3,REG,125,-145,-1.5,Final,6.5,110
DAL,2022-12-18T00:00Z,401459075,CAR,2022,Dallas Stars,4,Carolina Hurricanes,5,200,,,105,,,False,DraftKings,12,-120,4,OT,-195,165,-1.5,Final/OT,5.5,100
TB,2022-12-18T00:00Z,401459080,MTL,2022,Tampa Bay Lightning,5,Montreal Canadiens,1,-150,,,310,,,False,DraftKings,12,-115,3,REG,105,-125,1.5,Final,6.0,-105
NYR,2022-12-18T00:00Z,401459082,PHI,2022,New York Rangers,6,Philadelphia Flyers,3,-110,,,225,,,False,DraftKings,12,-120,3,REG,160,-190,1.5,Final,5.5,100
TOR,2022-12-18T00:00Z,401459085,WSH,2022,Toronto Maple Leafs,2,Washington Capitals,5,115,,,175,,,False,DraftKings,12,-120,3,REG,185,-215,1.5,Final,6.0,100
FLA,2022-12-18T00:30Z,401459081,NJ,2022,Florida Panthers,4,New Jersey Devils,2,170,,,115,,,False,DraftKings,12,-125,3,REG,-210,180,-1.5,Final,6.5,105
BUF,2022-12-18T02:00Z,401459073,ARI,2022,Buffalo Sabres,5,Arizona Coyotes,2,-110,,,220,,,False,DraftKings,12,-115,3,REG,140,-165,1.5,Final,6.5,-105
NSH,2022-12-18T02:00Z,401459076,COL,2022,Nashville Predators,1,Colorado Avalanche,3,230,,,-110,,,False,DraftKings,12,-115,3,REG,-170,145,-1.5,Final,5.5,-105
WPG,2022-12-18T03:00Z,401459083,VAN,2022,Winnipeg Jets,5,Vancouver Canucks,1,125,,,160,,,False,DraftKings,12,100,3,REG,195,-230,1.5,Final,6.5,-120
NYI,2022-12-18T03:00Z,401459084,VGK,2022,New York Islanders,5,Vegas Golden Knights,2,230,,,-110,,,False,DraftKings,12,100,3,REG,-175,150,-1.5,Final,6.0,-120
SJ,2022-12-18T03:30Z,401459079,LA,2022,San Jose Sharks,2,Los Angeles Kings,3,215,,,-110,,,False,DraftKings,12,-120,5,SO,-175,150,-1.5,Final/SO,6.0,100
OTT,2022-12-18T19:00Z,401459088,MIN,2022,Ottawa Senators,2,Minnesota Wild,4,255,,,-125,,,False,DraftKings,12,-120,3,REG,-140,120,-1.5,Final,6.0,100
PIT,2022-12-18T22:00Z,401459086,CAR,2022,Pittsburgh Penguins,2,Carolina Hurricanes,3,170,,,120,,,False,DraftKings,12,-110,3,REG,-230,195,-1.5,Final,6.0,-110
NYR,2022-12-19T00:42Z,401459087,CHI,2022,New York Rangers,7,Chicago Blackhawks,1,-155,,,320,,,False,DraftKings,12,-120,3,REG,100,-120,1.5,Final,5.5,100
WPG,2022-12-19T01:00Z,401459090,SEA,2022,Winnipeg Jets,2,Seattle Kraken,3,195,,,100,,,False,DraftKings,12,-120,3,REG,-190,160,-1.5,Final,6.0,100
CGY,2022-12-19T03:00Z,401459089,SJ,2022,Calgary Flames,5,San Jose Sharks,2,-115,,,235,,,False,DraftKings,12,-120,3,REG,135,-155,1.5,Final,6.0,100
FLA,2022-12-20T00:00Z,401459092,BOS,2022,Florida Panthers,3,Boston Bruins,7,265,,,-130,,,False,DraftKings,12,100,3,REG,-150,130,-1.5,Final,6.5,-120
DAL,2022-12-20T00:00Z,401459094,CBJ,2022,Dallas Stars,2,Columbus Blue Jackets,1,-150,,,300,,,False,DraftKings,12,100,3,REG,105,-125,1.5,Final,6.5,-120
DET,2022-12-20T00:00Z,401459098,WSH,2022,Detroit Red Wings,3,Washington Capitals,4,230,,,-115,,,False,DraftKings,12,-110,4,OT,-165,140,-1.5,Final/OT,6.0,-110
EDM,2022-12-20T01:00Z,401459095,NSH,2022,Edmonton Oilers,3,Nashville Predators,4,125,,,160,,,False,DraftKings,12,-110,4,OT,200,-240,1.5,Final/OT,6.5,-110
NYI,2022-12-20T02:00Z,401459093,COL,2022,New York Islanders,0,Colorado Avalanche,1,205,,,105,,,False,DraftKings,12,-110,5,SO,-195,165,-1.5,Final/SO,5.5,-110
MTL,2022-12-20T03:00Z,401459091,ARI,2022,Montreal Canadiens,3,Arizona Coyotes,2,170,,,120,,,False,DraftKings,12,100,4,OT,-230,195,-1.5,Final/OT,6.0,-120
BUF,2022-12-20T03:00Z,401459097,VGK,2022,Buffalo Sabres,3,Vegas Golden Knights,2,190,,,105,,,False,DraftKings,12,-115,3,REG,-190,160,-1.5,Final,6.5,-105
STL,2022-12-20T03:30Z,401459096,VAN,2022,St. Louis Blues,5,Vancouver Canucks,1,145,,,140,,,False,DraftKings,12,-115,3,REG,-265,225,-1.5,Final,6.0,-105
NJ,2022-12-21T00:00Z,401459099,CAR,2022,New Jersey Devils,1,Carolina Hurricanes,4,160,,,130,,,False,DraftKings,13,105,3,REG,-250,210,-1.5,Final,6.0,-125
CBJ,2022-12-21T00:00Z,401459101,PHI,2022,Columbus Blue Jackets,3,Philadelphia Flyers,5,235,,,-115,,,False,DraftKings,13,-120,3,REG,-170,145,-1.5,Final,6.0,100
NYR,2022-12-21T00:00Z,401459102,PIT,2022,New York Rangers,2,Pittsburgh Penguins,3,185,,,110,,,False,DraftKings,13,100,3,REG,-215,185,-1.5,Final,6.0,-120
TB,2022-12-21T00:00Z,401459105,TOR,2022,Tampa Bay Lightning,1,Toronto Maple Leafs,4,175,,,115,,,False,DraftKings,13,250,3,REG,-215,185,-1.5,Final,7.5,-360
OTT,2022-12-21T01:00Z,401459106,WPG,2022,Ottawa Senators,1,Winnipeg Jets,5,160,,,125,,,False,DraftKings,13,-110,3,REG,-225,190,-1.5,Final,6.5,-110
STL,2022-12-21T03:00Z,401459104,SEA,2022,St. Louis Blues,2,Seattle Kraken,5,230,,,-110,,,False,DraftKings,12,-120,3,REG,-170,145,-1.5,Final,5.5,100
ANA,2022-12-21T03:30Z,401459100,LA,2022,Anaheim Ducks,1,Los Angeles Kings,4,370,,,-180,,,False,DraftKings,13,-105,3,REG,-110,-110,-1.5,Final,6.5,-115
CGY,2022-12-21T03:30Z,401459103,SJ,2022,Calgary Flames,7,San Jose Sharks,3,-125,,,270,,,False,DraftKings,13,-120,3,REG,135,-155,1.5,Final,5.5,100
TB,2022-12-22T00:00Z,401459111,DET,2022,Tampa Bay Lightning,4,Detroit Red Wings,7,105,,,190,,,False,DraftKings,12,-125,3,REG,165,-195,1.5,Final,6.0,105
NJ,2022-12-22T00:00Z,401459112,FLA,2022,New Jersey Devils,4,Florida Panthers,2,165,,,120,,,False,DraftKings,11,-125,3,REG,-215,185,-1.5,Final,6.5,105
MTL,2022-12-22T01:00Z,401459109,COL,2022,Montreal Canadiens,1,Colorado Avalanche,2,370,,,-175,,,False,DraftKings,11,-115,4,OT,-115,-105,-1.5,Final/OT,5.5,-105
NSH,2022-12-22T01:30Z,401459108,CHI,2022,Nashville Predators,4,Chicago Blackhawks,2,-120,,,250,,,False,DraftKings,11,-120,3,REG,130,-150,1.5,Final,5.5,100
EDM,2022-12-22T02:30Z,401459110,DAL,2022,Edmonton Oilers,6,Dallas Stars,3,180,,,110,,,False,DraftKings,11,-120,3,REG,-195,165,-1.5,Final,6.5,100
MIN,2022-12-22T03:00Z,401459107,ANA,2022,Minnesota Wild,4,Anaheim Ducks,1,-180,,,360,,,False,DraftKings,12,-105,3,REG,-115,-105,1.5,Final,6.5,-115
ARI,2022-12-22T03:00Z,401459113,VGK,2022,Arizona Coyotes,2,Vegas Golden Knights,5,380,,,-185,,,False,DraftKings,11,-105,3,REG,-105,-115,-1.5,Final,6.0,-115
PHI,2022-12-22T19:00Z,401459120,TOR,2022,Philadelphia Flyers,3,Toronto Maple Leafs,4,425,,,-210,,,False,DraftKings,12,-105,3,REG,110,-130,-1.5,Final,6.0,-115
WPG,2022-12-23T00:00Z,401459114,BOS,2022,Winnipeg Jets,2,Boston Bruins,3,290,,,-145,,,False,DraftKings,12,-120,3,REG,-130,110,-1.5,Final,6.0,100
NYI,2022-12-23T00:00Z,401459116,NYR,2022,New York Islanders,3,New York Rangers,5,210,,,100,,,False,DraftKings,12,-110,3,REG,-190,160,-1.5,Final,5.5,-110
WSH,2022-12-23T00:00Z,401459117,OTT,2022,Washington Capitals,3,Ottawa Senators,2,115,,,175,,,False,DraftKings,12,100,4,OT,190,-225,1.5,Final/OT,6.5,-120
CAR,2022-12-23T00:00Z,401459118,PIT,2022,Carolina Hurricanes,4,Pittsburgh Penguins,3,180,,,115,,,False,DraftKings,12,-115,4,OT,-210,180,-1.5,Final/OT,5.5,-105
SEA,2022-12-23T03:00Z,401459121,VAN,2022,Seattle Kraken,5,Vancouver Canucks,6,125,,,160,,,False,DraftKings,12,-105,5,SO,200,-240,1.5,Final/SO,6.5,-115
CGY,2022-12-23T03:30Z,401459115,LA,2022,Calgary Flames,3,Los Angeles Kings,4,135,,,150,,,False,DraftKings,12,-115,4,OT,220,-260,1.5,Final/OT,6.0,-105
MIN,2022-12-23T03:30Z,401459119,SJ,2022,Minnesota Wild,2,San Jose Sharks,5,-105,,,215,,,False,DraftKings,12,-120,3,REG,150,-175,1.5,Final,6.0,100
PHI,2022-12-24T00:00Z,401459125,CAR,2022,Philadelphia Flyers,5,Carolina Hurricanes,6,450,,,-225,,,False,DraftKings,12,-110,3,REG,115,-135,-1.5,Final,6.0,-110
BOS,2022-12-24T00:00Z,401459131,NJ,2022,Boston Bruins,4,New Jersey Devils,3,135,,,150,,,False,DraftKings,12,-120,3,REG,215,-255,1.5,Final,6.0,100
WPG,2022-12-24T00:00Z,401459134,WSH,2022,Winnipeg Jets,1,Washington Capitals,4,210,,,-105,,,False,DraftKings,12,-115,3,REG,-180,155,-1.5,Final,6.0,-105
FLA,2022-12-24T00:30Z,401459129,NYI,2022,Florida Panthers,1,New York Islanders,5,130,,,155,,,False,DraftKings,12,-120,3,REG,195,-230,1.5,Final,6.0,100
MTL,2022-12-24T01:00Z,401459127,DAL,2022,Montreal Canadiens,2,Dallas Stars,4,370,,,-180,,,False,DraftKings,12,-115,3,REG,-105,-115,-1.5,Final,6.0,-105
COL,2022-12-24T01:00Z,401459130,NSH,2022,Colorado Avalanche,3,Nashville Predators,2,125,,,165,,,False,DraftKings,12,-110,4,OT,210,-250,1.5,Final/OT,5.5,-110
CBJ,2022-12-24T01:30Z,401459126,CHI,2022,Columbus Blue Jackets,2,Chicago Blackhawks,5,140,,,140,,,False,DraftKings,12,-105,3,REG,-260,220,-1.5,Final,6.5,-115
VAN,2022-12-24T02:00Z,401459128,EDM,2022,Vancouver Canucks,5,Edmonton Oilers,2,280,,,-145,,,False,DraftKings,11,110,3,REG,-125,105,-1.5,Final,7.0,-130
LA,2022-12-24T02:30Z,401459123,ARI,2022,Los Angeles Kings,1,Arizona Coyotes,2,-105,,,215,,,False,DraftKings,12,225,5,SO,150,-175,1.5,Final/SO,7.5,-320
STL,2022-12-24T03:00Z,401459133,VGK,2022,St. Louis Blues,4,Vegas Golden Knights,5,205,,,100,,,False,DraftKings,12,225,5,SO,-190,160,-1.5,Final/SO,7.0,-320
CGY,2022-12-24T03:30Z,401459122,ANA,2022,Calgary Flames,3,Anaheim Ducks,2,-140,,,280,,,False,DraftKings,12,-120,4,OT,115,-135,1.5,Final/OT,6.0,100
CHI,2022-12-28T00:00Z,401459137,CAR,2022,Chicago Blackhawks,0,Carolina Hurricanes,3,650,,,-310,,,False,DraftKings,12,-115,3,REG,155,-180,-1.5,Final,6.0,-105
WSH,2022-12-28T00:00Z,401459141,NYR,2022,Washington Capitals,4,New York Rangers,0,200,,,105,,,False,DraftKings,12,-105,3,REG,-190,160,-1.5,Final,6.0,-115
BOS,2022-12-28T00:00Z,401459143,OTT,2022,Boston Bruins,2,Ottawa Senators,3,-120,,,245,,,False,DraftKings,12,100,5,SO,135,-155,1.5,Final/SO,6.5,-120
PIT,2022-12-28T00:30Z,401459140,NYI,2022,Pittsburgh Penguins,1,New York Islanders,5,120,,,170,,,False,DraftKings,12,-125,3,REG,200,-240,1.5,Final,5.5,105
DAL,2022-12-28T01:00Z,401459142,NSH,2022,Dallas Stars,3,Nashville Predators,2,120,,,170,,,False,DraftKings,12,100,3,REG,195,-230,1.5,Final,6.0,-120
TOR,2022-12-28T01:00Z,401459144,STL,2022,Toronto Maple Leafs,5,St. Louis Blues,4,-115,,,230,,,False,DraftKings,12,100,4,OT,140,-165,1.5,Final/OT,6.0,-120
MIN,2022-12-28T01:00Z,401459146,WPG,2022,Minnesota Wild,4,Winnipeg Jets,1,130,,,155,,,False,DraftKings,12,100,3,REG,210,-250,1.5,Final,6.0,-120
COL,2022-12-28T02:00Z,401459135,ARI,2022,Colorado Avalanche,3,Arizona Coyotes,6,-145,,,310,,,False,DraftKings,12,-105,3,REG,120,-140,1.5,Final,5.5,-115
EDM,2022-12-28T02:00Z,401459136,CGY,2022,Edmonton Oilers,2,Calgary Flames,1,180,,,110,,,False,DraftKings,12,-120,3,REG,-195,165,-1.5,Final,6.5,100
SJ,2022-12-28T03:00Z,401459145,VAN,2022,San Jose Sharks,2,Vancouver Canucks,6,170,,,115,,,False,DraftKings,12,-130,3,REG,-210,180,-1.5,Final,6.5,110
VGK,2022-12-28T03:30Z,401459139,LA,2022,Vegas Golden Knights,2,Los Angeles Kings,4,150,,,135,,,False,DraftKings,12,100,3,REG,-245,205,-1.5,Final,6.5,-120
MTL,2022-12-29T00:00Z,401459151,TB,2022,Montreal Canadiens,1,Tampa Bay Lightning,4,475,,,-235,,,False,DraftKings,12,100,3,REG,120,-140,-1.5,Final,6.0,-120
BOS,2022-12-29T00:30Z,401459148,NJ,2022,Boston Bruins,3,New Jersey Devils,1,135,,,150,,,False,DraftKings,12,220,3,REG,210,-250,1.5,Final,7.5,-310
DET,2022-12-29T00:30Z,401459149,PIT,2022,Detroit Red Wings,5,Pittsburgh Penguins,4,270,,,-135,,,False,DraftKings,12,-105,4,OT,-145,125,-1.5,Final/OT,6.5,-115
VGK,2022-12-29T03:00Z,401459147,ANA,2022,Vegas Golden Knights,2,Anaheim Ducks,3,100,,,205,,,False,DraftKings,12,-120,5,SO,155,-180,1.5,Final/SO,6.0,100
CGY,2022-12-29T03:00Z,401459150,SEA,2022,Calgary Flames,3,Seattle Kraken,2,135,,,145,,,False,DraftKings,12,105,3,REG,225,-265,1.5,Final,6.5,-125
DET,2022-12-30T00:00Z,401459153,BUF,2022,Detroit Red Wings,3,Buffalo Sabres,6,220,,,-110,,,False,DraftKings,11,-130,3,REG,-165,140,-1.5,Final,6.5,110
MTL,2022-12-30T00:00Z,401459155,FLA,2022,Montreal Canadiens,2,Florida Panthers,7,425,,,-205,,,False,DraftKings,12,-110,3,REG,115,-135,-1.5,Final,6.5,-110
NYR,2022-12-30T00:00Z,401459160,TB,2022,New York Rangers,1,Tampa Bay Lightning,2,195,,,105,,,False,DraftKings,12,300,5,SO,-200,170,-1.5,Final/SO,7.5,-450
OTT,2022-12-30T00:00Z,401459161,WSH,2022,Ottawa Senators,4,Washington Capitals,3,220,,,-110,,,False,DraftKings,12,255,4,OT,-175,150,-1.5,Final/OT,7.5,-370
CBJ,2022-12-30T00:30Z,401459157,NYI,2022,Columbus Blue Jackets,1,New York Islanders,2,340,,,-170,,,False,DraftKings,12,105,3,REG,-110,-110,-1.5,Final,6.5,-125
DAL,2022-12-30T01:00Z,401459156,MIN,2022,Dallas Stars,4,Minnesota Wild,1,160,,,125,,,False,DraftKings,12,-105,3,REG,-240,200,-1.5,Final,6.0,-115
CHI,2022-12-30T01:00Z,401459159,STL,2022,Chicago Blackhawks,1,St. Louis Blues,3,340,,,-165,,,False,DraftKings,12,-110,3,REG,-105,-115,-1.5,Final,6.0,-110
VAN,2022-12-30T01:00Z,401459162,WPG,2022,Vancouver Canucks,2,Winnipeg Jets,4,195,,,100,,,False,DraftKings,12,-105,3,REG,-190,160,-1.5,Final,6.5,-115
TOR,2022-12-30T02:00Z,401459152,ARI,2022,Toronto Maple Leafs,3,Arizona Coyotes,6,-190,,,390,,,False,DraftKings,12,260,3,REG,-120,100,1.5,Final,7.5,-375
LA,2022-12-30T02:00Z,401459154,COL,2022,Los Angeles Kings,5,Colorado Avalanche,4,195,,,105,,,False,DraftKings,12,-120,5,SO,-200,170,-1.5,Final/SO,5.5,100
PHI,2022-12-30T03:30Z,401459158,SJ,2022,Philadelphia Flyers,4,San Jose Sharks,3,195,,,105,,,False,DraftKings,12,100,4,OT,-190,160,-1.5,Final/OT,6.5,-120
NSH,2022-12-30T22:00Z,401459163,ANA,2022,Nashville Predators,6,Anaheim Ducks,1,-110,,,225,,,False,DraftKings,12,-110,3,REG,145,-170,1.5,Final,6.0,-110
NJ,2022-12-31T00:00Z,401459165,PIT,2022,New Jersey Devils,4,Pittsburgh Penguins,2,150,,,135,,,False,DraftKings,12,100,3,REG,-250,210,-1.5,Final,6.5,-120
FLA,2022-12-31T00:30Z,401459164,CAR,2022,Florida Panthers,0,Carolina Hurricanes,4,225,,,-110,,,False,DraftKings,12,-110,3,REG,-165,140,-1.5,Final,6.0,-110
EDM,2022-12-31T03:00Z,401459166,SEA,2022,Edmonton Oilers,7,Seattle Kraken,2,150,,,135,,,False,DraftKings,12,-110,3,REG,-250,210,-1.5,Final,6.5,-110
BUF,2022-12-31T18:00Z,401459167,BOS,2022,Buffalo Sabres,4,Boston Bruins,3,320,,,-160,,,False,DraftKings,12,-125,4,OT,-120,100,-1.5,Final/OT,6.5,105
CHI,2022-12-31T18:00Z,401459170,CBJ,2022,Chicago Blackhawks,1,Columbus Blue Jackets,4,195,,,105,,,False,DraftKings,10,-115,3,REG,-205,175,-1.5,Final,6.0,-105
NSH,2022-12-31T20:00Z,401459177,VGK,2022,Nashville Predators,4,Vegas Golden Knights,5,215,,,-105,,,False,DraftKings,12,-120,4,OT,-175,150,-1.5,Final/OT,6.0,100
PHI,2022-12-31T21:00Z,401459174,LA,2022,Philadelphia Flyers,4,Los Angeles Kings,2,290,,,-140,,,False,DraftKings,12,-115,3,REG,-130,110,-1.5,Final,6.0,-105
MTL,2022-12-31T21:00Z,401459178,WSH,2022,Montreal Canadiens,2,Washington Capitals,9,330,,,-160,,,False,DraftKings,12,-115,3,REG,-120,100,-1.5,Final,6.0,-105
ARI,2022-12-31T22:00Z,401459176,TB,2022,Arizona Coyotes,3,Tampa Bay Lightning,5,450,,,-220,,,False,DraftKings,12,-105,3,REG,115,-135,-1.5,Final,6.0,-115
MIN,2022-12-31T23:00Z,401459175,STL,2022,Minnesota Wild,5,St. Louis Blues,2,125,,,165,,,False,DraftKings,12,-115,3,REG,200,-240,1.5,Final,5.5,-105
TOR,2023-01-01T00:00Z,401459169,COL,2022,Toronto Maple Leafs,6,Colorado Avalanche,2,120,,,170,,,False,DraftKings,12,-110,3,REG,195,-230,1.5,Final,6.0,-110
OTT,2023-01-01T00:00Z,401459172,DET,2022,Ottawa Senators,2,Detroit Red Wings,4,120,,,160,,,False,DraftKings,12,-120,3,REG,190,-225,1.5,Final,6.5,100
SJ,2023-01-01T01:00Z,401459171,DAL,2022,San Jose Sharks,2,Dallas Stars,5,295,,,-145,,,False,DraftKings,12,-125,3,REG,-125,105,-1.5,Final,6.0,105
VAN,2023-01-01T03:00Z,401459168,CGY,2022,Vancouver Canucks,2,Calgary Flames,3,295,,,-150,,,False,DraftKings,12,-105,3,REG,-125,105,-1.5,Final,6.5,-115
WPG,2023-01-01T03:00Z,401459173,EDM,2022,Winnipeg Jets,2,Edmonton Oilers,1,155,,,130,,,False,DraftKings,12,-110,3,REG,-250,210,-1.5,Final,6.0,-110
CAR,2023-01-01T20:00Z,401459181,NJ,2022,Carolina Hurricanes,5,New Jersey Devils,4,130,,,155,,,False,DraftKings,12,-105,5,SO,210,-250,1.5,Final/SO,6.0,-115
NYR,2023-01-01T22:00Z,401459180,FLA,2022,New York Rangers,5,Florida Panthers,3,185,,,110,,,False,DraftKings,12,-120,3,REG,-205,175,-1.5,Final,6.0,100
SJ,2023-01-02T00:00Z,401459179,CHI,2022,San Jose Sharks,5,Chicago Blackhawks,2,120,,,165,,,False,DraftKings,12,100,3,REG,185,-215,1.5,Final,6.5,-120
BUF,2023-01-02T00:00Z,401459182,OTT,2022,Buffalo Sabres,1,Ottawa Senators,3,160,,,120,,,False,DraftKings,12,-135,3,REG,-210,180,-1.5,Final,6.5,115
NYI,2023-01-02T01:00Z,401459183,SEA,2022,New York Islanders,1,Seattle Kraken,4,170,,,120,,,False,DraftKings,12,-110,3,REG,-225,190,-1.5,Final,6.0,-110
PIT,2023-01-02T19:00Z,401459185,BOS,2022,Pittsburgh Penguins,1,Boston Bruins,2,230,,,-115,,,False,DraftKings,12,-115,3,REG,-155,135,-1.5,Final,6.0,-105
VGK,2023-01-03T02:00Z,401459186,COL,2022,Vegas Golden Knights,3,Colorado Avalanche,2,200,,,100,,,False,DraftKings,12,100,3,REG,-195,165,-1.5,Final,6.0,-120
PHI,2023-01-03T03:00Z,401459184,ANA,2022,Philadelphia Flyers,4,Anaheim Ducks,1,140,,,145,,,False,DraftKings,12,-120,3,REG,220,-260,1.5,Final,6.0,100
ARI,2023-01-04T00:00Z,401459189,FLA,2022,Arizona Coyotes,3,Florida Panthers,5,425,,,-210,,,False,DraftKings,12,100,3,REG,105,-125,-1.5,Final,6.5,-120
CAR,2023-01-04T00:00Z,401459191,NYR,2022,Carolina Hurricanes,3,New York Rangers,5,125,,,165,,,False,DraftKings,11,-110,3,REG,195,-230,1.5,Final,5.5,-110
CBJ,2023-01-04T00:00Z,401459193,OTT,2022,Columbus Blue Jackets,0,Ottawa Senators,4,270,,,-135,,,False,DraftKings,12,-110,3,REG,-135,115,-1.5,Final,6.5,-110
STL,2023-01-04T00:00Z,401459194,TOR,2022,St. Louis Blues,6,Toronto Maple Leafs,5,350,,,-170,,,False,DraftKings,12,-110,5,SO,-105,-115,-1.5,Final/SO,6.0,-110
BUF,2023-01-04T00:00Z,401459196,WSH,2022,Buffalo Sabres,5,Washington Capitals,4,200,,,100,,,False,DraftKings,12,-115,4,OT,-180,155,-1.5,Final/OT,6.5,-105
MTL,2023-01-04T01:00Z,401459192,NSH,2022,Montreal Canadiens,3,Nashville Predators,6,340,,,-165,,,False,DraftKings,12,-115,3,REG,-115,-105,-1.5,Final,6.0,-105
CGY,2023-01-04T01:00Z,401459197,WPG,2022,Calgary Flames,2,Winnipeg Jets,3,115,,,180,,,False,DraftKings,12,-115,3,REG,190,-225,1.5,Final,5.5,-105
TB,2023-01-04T01:30Z,401459187,CHI,2022,Tampa Bay Lightning,4,Chicago Blackhawks,1,-240,,,475,,,False,DraftKings,12,-110,3,REG,-140,120,1.5,Final,6.5,-110
SEA,2023-01-04T02:00Z,401459188,EDM,2022,Seattle Kraken,5,Edmonton Oilers,2,200,,,-105,,,False,DraftKings,12,-125,3,REG,-175,150,-1.5,Final,6.5,105
DAL,2023-01-04T03:00Z,401459190,LA,2022,Dallas Stars,2,Los Angeles Kings,3,130,,,160,,,False,DraftKings,12,-105,3,REG,200,-240,1.5,Final,6.0,-115
NYI,2023-01-04T03:00Z,401459195,VAN,2022,New York Islanders,6,Vancouver Canucks,2,140,,,140,,,False,DraftKings,12,-120,3,REG,225,-265,1.5,Final,6.0,100
NJ,2023-01-05T00:00Z,401459199,DET,2022,New Jersey Devils,5,Detroit Red Wings,1,-105,,,210,,,False,DraftKings,12,-110,3,REG,155,-180,1.5,Final,6.5,-110
TB,2023-01-05T02:30Z,401459200,MIN,2022,Tampa Bay Lightning,1,Minnesota Wild,5,155,,,130,,,False,DraftKings,12,-125,3,REG,-245,205,-1.5,Final,6.0,105
DAL,2023-01-05T03:00Z,401459198,ANA,2022,Dallas Stars,0,Anaheim Ducks,2,-130,,,260,,,False,DraftKings,12,-120,3,REG,125,-145,1.5,Final,6.0,100
NSH,2023-01-06T00:00Z,401459201,CAR,2022,Nashville Predators,5,Carolina Hurricanes,3,285,,,-140,,,False,DraftKings,12,-120,3,REG,-135,115,-1.5,Final,5.5,100
WSH,2023-01-06T00:00Z,401459202,CBJ,2022,Washington Capitals,6,Columbus Blue Jackets,2,-135,,,270,,,False,DraftKings,12,100,3,REG,115,-135,1.5,Final,6.5,-120
NYR,2023-01-06T00:00Z,401459205,MTL,2022,New York Rangers,4,Montreal Canadiens,1,-130,,,260,,,False,DraftKings,12,100,3,REG,120,-140,1.5,Final,6.5,-120
STL,2023-01-06T00:00Z,401459206,NJ,2022,St. Louis Blues,5,New Jersey Devils,3,225,,,-115,,,False,DraftKings,12,-105,3,REG,-170,145,-1.5,Final,6.5,-115
ARI,2023-01-06T00:00Z,401459207,PHI,2022,Arizona Coyotes,2,Philadelphia Flyers,6,195,,,105,,,False,DraftKings,12,-115,3,REG,-200,170,-1.5,Final,6.0,-105
SEA,2023-01-06T00:00Z,401459208,TOR,2022,Seattle Kraken,5,Toronto Maple Leafs,1,295,,,-150,,,False,DraftKings,12,-115,3,REG,-120,100,-1.5,Final,6.5,-105
NYI,2023-01-06T02:00Z,401459203,EDM,2022,New York Islanders,2,Edmonton Oilers,4,200,,,100,,,False,DraftKings,12,-120,3,REG,-180,155,-1.5,Final,6.0,100
COL,2023-01-06T03:00Z,401459209,VAN,2022,Colorado Avalanche,2,Vancouver Canucks,4,105,,,195,,,False,DraftKings,12,-120,3,REG,170,-200,1.5,Final,6.0,100
PIT,2023-01-06T03:00Z,401459210,VGK,2022,Pittsburgh Penguins,2,Vegas Golden Knights,5,155,,,130,,,False,DraftKings,12,-115,3,REG,-250,210,-1.5,Final,6.0,-105
BOS,2023-01-06T03:30Z,401459204,LA,2022,Boston Bruins,5,Los Angeles Kings,2,100,,,200,,,False,DraftKings,12,100,3,REG,155,-180,1.5,Final,6.0,-120
FLA,2023-01-07T00:00Z,401459214,DET,2022,Florida Panthers,3,Detroit Red Wings,2,105,,,190,,,False,DraftKings,11,-120,3,REG,160,-190,1.5,Final,6.5,100
NSH,2023-01-07T00:00Z,401459215,WSH,2022,Nashville Predators,3,Washington Capitals,2,215,,,-105,,,False,DraftKings,11,100,3,REG,-175,150,-1.5,Final,6.5,-120
TB,2023-01-07T01:00Z,401459216,WPG,2022,Tampa Bay Lightning,2,Winnipeg Jets,4,140,,,145,,,False,DraftKings,11,-105,3,REG,230,-275,1.5,Final,6.0,-115
ARI,2023-01-07T01:30Z,401459213,CHI,2022,Arizona Coyotes,0,Chicago Blackhawks,2,150,,,135,,,False,DraftKings,12,-110,3,REG,-255,215,-1.5,Final,6.0,-110
NYI,2023-01-07T02:00Z,401459212,CGY,2022,New York Islanders,1,Calgary Flames,4,285,,,-140,,,False,DraftKings,11,105,3,REG,-135,115,-1.5,Final,6.0,-125
SJ,2023-01-07T03:00Z,401459211,ANA,2022,San Jose Sharks,4,Anaheim Ducks,5,100,,,200,,,False,DraftKings,12,-105,4,OT,160,-190,1.5,Final/OT,6.5,-115
NYR,2023-01-07T18:00Z,401459221,NJ,2022,New York Rangers,3,New Jersey Devils,4,170,,,120,,,False,DraftKings,12,-110,4,OT,-240,200,-1.5,Final/OT,6.0,-110
CAR,2023-01-07T21:00Z,401459218,CBJ,2022,Carolina Hurricanes,3,Columbus Blue Jackets,4,-220,,,450,,,False,DraftKings,12,100,5,SO,-135,115,1.5,Final/SO,6.5,-120
MIN,2023-01-08T00:00Z,401459217,BUF,2022,Minnesota Wild,5,Buffalo Sabres,6,125,,,155,,,False,DraftKings,12,-125,4,OT,205,-245,1.5,Final/OT,6.5,105
STL,2023-01-08T00:00Z,401459220,MTL,2022,St. Louis Blues,4,Montreal Canadiens,5,-105,,,215,,,False,DraftKings,12,-120,3,REG,150,-175,1.5,Final,6.0,100
SEA,2023-01-08T00:00Z,401459222,OTT,2022,Seattle Kraken,8,Ottawa Senators,4,145,,,140,,,False,DraftKings,12,100,3,REG,-265,225,-1.5,Final,6.5,-120
DET,2023-01-08T00:00Z,401459224,TOR,2022,Detroit Red Wings,1,Toronto Maple Leafs,4,425,,,-215,,,False,DraftKings,12,-120,3,REG,115,-135,-1.5,Final,6.5,100
COL,2023-01-08T03:00Z,401459219,EDM,2022,Colorado Avalanche,3,Edmonton Oilers,2,160,,,120,,,False,DraftKings,12,100,4,OT,-230,195,-1.5,Final/OT,6.5,-120
LA,2023-01-08T03:00Z,401459225,VGK,2022,Los Angeles Kings,5,Vegas Golden Knights,1,190,,,105,,,False,DraftKings,12,-115,3,REG,-200,170,-1.5,Final,6.0,-105
BOS,2023-01-08T03:30Z,401459223,SJ,2022,Boston Bruins,4,San Jose Sharks,2,-175,,,350,,,False,DraftKings,12,380,3,REG,-110,-110,1.5,Final,8.5,-615
VAN,2023-01-08T20:00Z,401459233,WPG,2022,Vancouver Canucks,4,Winnipeg Jets,7,210,,,-105,,,False,DraftKings,12,-110,3,REG,-170,145,-1.5,Final,6.5,-110
FLA,2023-01-08T20:30Z,401459229,DAL,2022,Florida Panthers,1,Dallas Stars,5,170,,,115,,,False,DraftKings,12,-120,3,REG,-210,180,-1.5,Final,6.5,100
CBJ,2023-01-08T22:00Z,401459232,WSH,2022,Columbus Blue Jackets,0,Washington Capitals,1,450,,,-225,,,False,DraftKings,12,-110,3,REG,120,-140,-1.5,Final,6.5,-110
PIT,2023-01-09T00:00Z,401459227,ARI,2022,Pittsburgh Penguins,4,Arizona Coyotes,1,-140,,,275,,,False,DraftKings,12,330,3,REG,110,-130,1.5,Final,8.5,-505
CGY,2023-01-09T00:00Z,401459228,CHI,2022,Calgary Flames,3,Chicago Blackhawks,4,-210,,,425,,,False,DraftKings,12,100,4,OT,-135,115,1.5,Final/OT,6.0,-120
STL,2023-01-09T00:00Z,401459230,MIN,2022,St. Louis Blues,3,Minnesota Wild,0,265,,,-130,,,False,DraftKings,12,105,3,REG,-140,120,-1.5,Final,6.5,-125
TOR,2023-01-09T00:00Z,401459231,PHI,2022,Toronto Maple Leafs,6,Philadelphia Flyers,2,-135,,,270,,,False,DraftKings,12,-115,3,REG,120,-140,1.5,Final,6.0,-105
BOS,2023-01-09T01:30Z,401459226,ANA,2022,Boston Bruins,7,Anaheim Ducks,1,-180,,,370,,,False,DraftKings,11,-115,3,REG,-115,-105,1.5,Final,6.0,-105
PHI,2023-01-10T00:00Z,401459579,BUF,2022,Philadelphia Flyers,4,Buffalo Sabres,0,285,,,-150,,,False,DraftKings,12,-130,3,REG,-125,105,-1.5,Final,6.5,110
SEA,2023-01-10T00:30Z,401459235,MTL,2022,Seattle Kraken,4,Montreal Canadiens,0,-140,,,275,,,False,DraftKings,12,-125,3,REG,115,-135,1.5,Final,6.0,105
NSH,2023-01-10T00:30Z,401459236,OTT,2022,Nashville Predators,3,Ottawa Senators,0,155,,,130,,,False,DraftKings,12,-115,3,REG,-245,205,-1.5,Final,6.0,-105
EDM,2023-01-10T03:30Z,401459234,LA,2022,Edmonton Oilers,3,Los Angeles Kings,6,135,,,145,,,False,DraftKings,12,-120,3,REG,-265,225,-1.5,Final,6.5,100
SEA,2023-01-11T00:00Z,401459238,BUF,2022,Seattle Kraken,4,Buffalo Sabres,3,145,,,130,,,False,DraftKings,12,-130,3,REG,-245,205,-1.5,Final,6.5,110
NJ,2023-01-11T00:00Z,401459239,CAR,2022,New Jersey Devils,5,Carolina Hurricanes,3,190,,,105,,,False,DraftKings,12,-115,3,REG,-195,165,-1.5,Final,6.0,-105
WPG,2023-01-11T00:00Z,401459241,DET,2022,Winnipeg Jets,5,Detroit Red Wings,7,110,,,180,,,False,DraftKings,12,-115,3,REG,175,-205,1.5,Final,6.0,-105
MIN,2023-01-11T00:00Z,401459243,NYR,2022,Minnesota Wild,3,New York Rangers,4,185,,,110,,,False,DraftKings,12,270,5,SO,-210,180,-1.5,Final/SO,7.5,-400
VAN,2023-01-11T00:00Z,401459244,PIT,2022,Vancouver Canucks,4,Pittsburgh Penguins,5,240,,,-125,,,False,DraftKings,12,-135,3,REG,-145,125,-1.5,Final,6.5,115
CBJ,2023-01-11T00:00Z,401459246,TB,2022,Columbus Blue Jackets,3,Tampa Bay Lightning,6,500,,,-260,,,False,DraftKings,12,-120,3,REG,135,-155,-1.5,Final,6.0,100
DAL,2023-01-11T00:30Z,401459242,NYI,2022,Dallas Stars,2,New York Islanders,1,130,,,160,,,False,DraftKings,12,-105,5,SO,215,-255,1.5,Final/SO,5.5,-115
CGY,2023-01-11T01:00Z,401459245,STL,2022,Calgary Flames,3,St. Louis Blues,4,-105,,,220,,,False,DraftKings,12,105,4,OT,145,-170,1.5,Final/OT,6.0,-125
SJ,2023-01-11T02:00Z,401459237,ARI,2022,San Jose Sharks,4,Arizona Coyotes,2,115,,,170,,,False,DraftKings,12,100,3,REG,185,-215,1.5,Final,6.5,-120
FLA,2023-01-11T02:30Z,401459240,COL,2022,Florida Panthers,5,Colorado Avalanche,4,175,,,115,,,False,DraftKings,12,105,3,REG,-215,185,-1.5,Final,6.5,-125
WSH,2023-01-12T00:00Z,401459249,PHI,2022,Washington Capitals,3,Philadelphia Flyers,5,-105,,,215,,,False,DraftKings,12,-120,3,REG,150,-175,1.5,Final,6.0,100
NSH,2023-01-12T00:30Z,401459250,TOR,2022,Nashville Predators,1,Toronto Maple Leafs,2,230,,,-110,,,False,DraftKings,12,100,3,REG,-175,150,-1.5,Final,6.0,-120
EDM,2023-01-12T03:00Z,401459247,ANA,2022,Edmonton Oilers,6,Anaheim Ducks,2,-165,,,320,,,False,DraftKings,11,105,3,REG,-110,-110,1.5,Final,7.0,-125
SJ,2023-01-12T03:00Z,401459248,LA,2022,San Jose Sharks,3,Los Angeles Kings,4,270,,,-135,,,False,DraftKings,12,-110,3,REG,-140,120,-1.5,Final,6.5,-110
SEA,2023-01-13T00:00Z,401459252,BOS,2022,Seattle Kraken,3,Boston Bruins,0,310,,,-150,,,False,DraftKings,12,-105,3,REG,-120,100,-1.5,Final,6.0,-115
WPG,2023-01-13T00:00Z,401459253,BUF,2022,Winnipeg Jets,4,Buffalo Sabres,2,125,,,155,,,False,DraftKings,12,-120,3,REG,190,-225,1.5,Final,6.5,100
CAR,2023-01-13T00:00Z,401459255,CBJ,2022,Carolina Hurricanes,6,Columbus Blue Jackets,2,-210,,,425,,,False,DraftKings,12,100,3,REG,-125,105,1.5,Final,6.5,-120
TOR,2023-01-13T00:00Z,401459256,DET,2022,Toronto Maple Leafs,1,Detroit Red Wings,4,105,,,190,,,False,DraftKings,12,-120,3,REG,170,-200,1.5,Final,6.0,100
NSH,2023-01-13T00:00Z,401459257,MTL,2022,Nashville Predators,3,Montreal Canadiens,4,-110,,,215,,,False,DraftKings,12,-115,3,REG,145,-170,1.5,Final,6.5,-105
DAL,2023-01-13T00:00Z,401459259,NYR,2022,Dallas Stars,1,New York Rangers,2,170,,,120,,,False,DraftKings,12,-120,4,OT,-230,195,-1.5,Final/OT,5.5,100
VAN,2023-01-13T00:00Z,401459261,TB,2022,Vancouver Canucks,4,Tampa Bay Lightning,5,310,,,-160,,,False,DraftKings,12,-140,3,REG,-115,-105,-1.5,Final,6.5,120
MIN,2023-01-13T00:30Z,401459258,NYI,2022,Minnesota Wild,3,New York Islanders,1,135,,,150,,,False,DraftKings,12,-120,3,REG,220,-260,1.5,Final,5.5,100
CGY,2023-01-13T01:00Z,401459260,STL,2022,Calgary Flames,4,St. Louis Blues,1,100,,,210,,,False,DraftKings,12,260,3,REG,145,-170,1.5,Final,7.5,-375
COL,2023-01-13T01:30Z,401459254,CHI,2022,Colorado Avalanche,2,Chicago Blackhawks,3,-195,,,400,,,False,DraftKings,12,-105,3,REG,-125,105,1.5,Final,6.0,-115
OTT,2023-01-13T02:00Z,401459251,ARI,2022,Ottawa Senators,5,Arizona Coyotes,3,-105,,,210,,,False,DraftKings,12,210,3,REG,160,-190,1.5,Final,7.5,-290
FLA,2023-01-13T03:00Z,401459262,VGK,2022,Florida Panthers,2,Vegas Golden Knights,4,145,,,135,,,False,DraftKings,12,-115,3,REG,-250,210,-1.5,Final,6.5,-105
WPG,2023-01-14T00:00Z,401459264,PIT,2022,Winnipeg Jets,4,Pittsburgh Penguins,1,220,,,-110,,,False,DraftKings,12,-110,3,REG,-165,140,-1.5,Final,6.5,-110
NJ,2023-01-14T03:00Z,401459263,ANA,2022,New Jersey Devils,6,Anaheim Ducks,2,-225,,,450,,,False,DraftKings,12,-115,3,REG,-140,120,1.5,Final,6.5,-105
EDM,2023-01-14T03:30Z,401459265,SJ,2022,Edmonton Oilers,7,San Jose Sharks,1,100,,,195,,,False,DraftKings,12,115,3,REG,150,-175,1.5,Final,7.0,-135
CGY,2023-01-14T19:00Z,401459270,DAL,2022,Calgary Flames,6,Dallas Stars,5,145,,,140,,,False,DraftKings,12,-110,3,REG,-265,225,-1.5,Final,6.0,-110
TOR,2023-01-15T00:00Z,401459266,BOS,2022,Toronto Maple Leafs,3,Boston Bruins,4,195,,,105,,,False,DraftKings,12,100,3,REG,-195,165,-1.5,Final,6.0,-120
PIT,2023-01-15T00:00Z,401459267,CAR,2022,Pittsburgh Penguins,1,Carolina Hurricanes,2,265,,,-130,,,False,DraftKings,12,105,3,REG,-145,125,-1.5,Final,6.5,-125
OTT,2023-01-15T00:00Z,401459269,COL,2022,Ottawa Senators,0,Colorado Avalanche,7,210,,,-105,,,False,DraftKings,11,105,3,REG,-175,150,-1.5,Final,6.5,-125
CBJ,2023-01-15T00:00Z,401459271,DET,2022,Columbus Blue Jackets,4,Detroit Red Wings,3,295,,,-150,,,False,DraftKings,12,-115,3,REG,-125,105,-1.5,Final,6.5,-105
VAN,2023-01-15T00:00Z,401459272,FLA,2022,Vancouver Canucks,3,Florida Panthers,4,260,,,-135,,,False,DraftKings,12,100,3,REG,-135,115,-1.5,Final,7.0,-120
MTL,2023-01-15T00:00Z,401459275,NYI,2022,Montreal Canadiens,1,New York Islanders,2,320,,,-150,,,False,DraftKings,12,-115,3,REG,-125,105,-1.5,Final,5.5,-105
PHI,2023-01-15T00:00Z,401459279,WSH,2022,Philadelphia Flyers,3,Washington Capitals,1,290,,,-145,,,False,DraftKings,12,-120,3,REG,-130,110,-1.5,Final,6.0,100
SEA,2023-01-15T01:00Z,401459268,CHI,2022,Seattle Kraken,8,Chicago Blackhawks,5,-145,,,295,,,False,DraftKings,12,-110,3,REG,110,-130,1.5,Final,6.0,-110
ARI,2023-01-15T01:00Z,401459274,MIN,2022,Arizona Coyotes,1,Minnesota Wild,2,450,,,-220,,,False,DraftKings,11,-125,3,REG,115,-135,-1.5,Final,6.0,105
BUF,2023-01-15T01:00Z,401459276,NSH,2022,Buffalo Sabres,5,Nashville Predators,3,185,,,110,,,False,DraftKings,12,-110,3,REG,-200,170,-1.5,Final,6.5,-110
TB,2023-01-15T01:00Z,401459277,STL,2022,Tampa Bay Lightning,4,St. Louis Blues,2,-115,,,230,,,False,DraftKings,12,-115,3,REG,140,-165,1.5,Final,6.0,-105
EDM,2023-01-15T03:00Z,401459278,VGK,2022,Edmonton Oilers,4,Vegas Golden Knights,3,180,,,110,,,False,DraftKings,11,-125,3,REG,-200,170,-1.5,Final,6.5,105
NJ,2023-01-15T03:30Z,401459273,LA,2022,New Jersey Devils,5,Los Angeles Kings,2,145,,,135,,,False,DraftKings,12,-120,3,REG,-255,215,-1.5,Final,6.5,100
VAN,2023-01-15T22:00Z,401459280,CAR,2022,Vancouver Canucks,4,Carolina Hurricanes,3,330,,,-170,,,False,DraftKings,12,-130,5,SO,-105,-115,-1.5,Final/SO,6.5,110
MTL,2023-01-15T22:00Z,401459281,NYR,2022,Montreal Canadiens,2,New York Rangers,1,475,,,-235,,,False,DraftKings,12,-110,3,REG,125,-145,-1.5,Final,6.0,-110
ARI,2023-01-16T00:00Z,401459282,WPG,2022,Arizona Coyotes,1,Winnipeg Jets,2,450,,,-230,,,False,DraftKings,12,-130,3,REG,130,-150,-1.5,Final,6.0,110
PHI,2023-01-16T18:00Z,401459283,BOS,2022,Philadelphia Flyers,0,Boston Bruins,6,370,,,-180,,,False,DraftKings,12,-110,3,REG,-105,-115,-1.5,Final,6.0,-110
FLA,2023-01-16T18:00Z,401459284,BUF,2022,Florida Panthers,4,Buffalo Sabres,1,125,,,155,,,False,DraftKings,12,115,3,REG,190,-225,1.5,Final,7.0,-135
DET,2023-01-16T20:00Z,401459285,COL,2022,Detroit Red Wings,3,Colorado Avalanche,6,245,,,-125,,,False,DraftKings,12,-105,3,REG,-150,130,-1.5,Final,6.5,-115
NJ,2023-01-16T21:00Z,401459290,SJ,2022,New Jersey Devils,4,San Jose Sharks,3,-120,,,235,,,False,DraftKings,12,-115,5,SO,125,-145,1.5,Final/SO,6.5,-105
TB,2023-01-16T21:00Z,401459291,SEA,2022,Tampa Bay Lightning,4,Seattle Kraken,1,115,,,175,,,False,DraftKings,12,-120,3,REG,180,-210,1.5,Final,6.0,100
DAL,2023-01-16T23:00Z,401459293,VGK,2022,Dallas Stars,4,Vegas Golden Knights,0,155,,,130,,,False,DraftKings,12,100,3,REG,-250,210,-1.5,Final,6.0,-120
NYR,2023-01-17T00:00Z,401459286,CBJ,2022,New York Rangers,3,Columbus Blue Jackets,1,-115,,,225,,,False,DraftKings,12,100,3,REG,140,-165,1.5,Final,6.5,-120
ANA,2023-01-17T00:00Z,401459289,PIT,2022,Anaheim Ducks,3,Pittsburgh Penguins,4,400,,,-205,,,False,DraftKings,12,260,4,OT,110,-130,-1.5,Final/OT,8.0,-375
WSH,2023-01-17T00:30Z,401459287,NYI,2022,Washington Capitals,4,New York Islanders,3,145,,,145,,,False,DraftKings,12,-105,4,OT,-285,240,-1.5,Final/OT,5.5,-115
CGY,2023-01-17T01:00Z,401459288,NSH,2022,Calgary Flames,1,Nashville Predators,2,110,,,180,,,False,DraftKings,12,-110,3,REG,175,-205,1.5,Final,6.0,-110
OTT,2023-01-17T01:00Z,401459292,STL,2022,Ottawa Senators,1,St. Louis Blues,2,140,,,140,,,False,DraftKings,12,105,3,REG,-265,225,-1.5,Final,6.5,-125
WPG,2023-01-18T00:00Z,401459297,MTL,2022,Winnipeg Jets,1,Montreal Canadiens,4,-160,,,320,,,False,DraftKings,12,-110,3,REG,100,-120,1.5,Final,6.0,-110
ANA,2023-01-18T00:00Z,401459298,PHI,2022,Anaheim Ducks,2,Philadelphia Flyers,5,270,,,-130,,,False,DraftKings,12,-115,3,REG,-140,120,-1.5,Final,6.0,-105
FLA,2023-01-18T00:00Z,401459299,TOR,2022,Florida Panthers,4,Toronto Maple Leafs,5,220,,,-110,,,False,DraftKings,12,-120,4,OT,-165,140,-1.5,Final/OT,6.5,100
MIN,2023-01-18T00:00Z,401459300,WSH,2022,Minnesota Wild,4,Washington Capitals,2,125,,,165,,,False,DraftKings,12,265,3,REG,200,-240,1.5,Final,7.5,-385
CBJ,2023-01-18T01:00Z,401507548,NSH,2022,Columbus Blue Jackets,1,Nashville Predators,2,260,,,-130,,,False,DraftKings,12,-110,3,REG,-140,120,-1.5,Final,6.5,-110
BUF,2023-01-18T01:30Z,401459295,CHI,2022,Buffalo Sabres,3,Chicago Blackhawks,4,-125,,,250,,,False,DraftKings,12,-125,4,OT,125,-145,1.5,Final/OT,6.5,105
DET,2023-01-18T02:00Z,401459294,ARI,2022,Detroit Red Wings,3,Arizona Coyotes,4,115,,,170,,,False,DraftKings,12,-105,5,SO,185,-215,1.5,Final/SO,6.5,-115
SEA,2023-01-18T02:00Z,401459296,EDM,2022,Seattle Kraken,2,Edmonton Oilers,5,220,,,-115,,,False,DraftKings,12,-130,3,REG,-155,135,-1.5,Final,6.5,110
PIT,2023-01-19T00:00Z,401459303,OTT,2022,Pittsburgh Penguins,4,Ottawa Senators,5,140,,,145,,,False,DraftKings,12,100,4,OT,215,-255,1.5,Final/OT,6.5,-120
BOS,2023-01-19T00:30Z,401459302,NYI,2022,Boston Bruins,4,New York Islanders,1,-120,,,245,,,False,DraftKings,11,-115,3,REG,140,-165,1.5,Final,5.5,-105
COL,2023-01-19T02:30Z,401459301,CGY,2022,Colorado Avalanche,4,Calgary Flames,1,200,,,100,,,False,DraftKings,12,-105,3,REG,-195,165,-1.5,Final,6.0,-115
DAL,2023-01-19T03:00Z,401459304,SJ,2022,Dallas Stars,3,San Jose Sharks,5,100,,,200,,,False,DraftKings,12,-110,3,REG,160,-190,1.5,Final,6.0,-110
TB,2023-01-19T03:00Z,401459305,VAN,2022,Tampa Bay Lightning,5,Vancouver Canucks,2,100,,,195,,,False,DraftKings,12,100,3,REG,150,-175,1.5,Final,7.0,-120
MIN,2023-01-20T00:00Z,401459308,CAR,2022,Minnesota Wild,2,Carolina Hurricanes,5,230,,,-110,,,False,DraftKings,12,-120,3,REG,-170,145,-1.5,Final,5.5,100
ANA,2023-01-20T00:00Z,401459309,CBJ,2022,Anaheim Ducks,5,Columbus Blue Jackets,3,205,,,-105,,,False,DraftKings,12,-115,3,REG,-175,150,-1.5,Final,6.5,-105
FLA,2023-01-20T00:00Z,401459312,MTL,2022,Florida Panthers,6,Montreal Canadiens,2,-160,,,320,,,False,DraftKings,12,-110,3,REG,100,-120,1.5,Final,6.5,-110
BOS,2023-01-20T00:00Z,401459313,NYR,2022,Boston Bruins,3,New York Rangers,1,130,,,160,,,False,DraftKings,12,-115,3,REG,220,-260,1.5,Final,5.5,-105
CHI,2023-01-20T00:00Z,401459314,PHI,2022,Chicago Blackhawks,4,Philadelphia Flyers,1,300,,,-150,,,False,DraftKings,12,-115,3,REG,-130,110,-1.5,Final,6.0,-105
WPG,2023-01-20T00:00Z,401459317,TOR,2022,Winnipeg Jets,1,Toronto Maple Leafs,4,215,,,-105,,,False,DraftKings,12,-120,3,REG,-175,150,-1.5,Final,6.0,100
NYI,2023-01-20T00:30Z,401459307,BUF,2022,New York Islanders,2,Buffalo Sabres,3,160,,,125,,,False,DraftKings,12,-115,4,OT,-240,200,-1.5,Final/OT,6.0,-105
NSH,2023-01-20T01:00Z,401459316,STL,2022,Nashville Predators,2,St. Louis Blues,5,135,,,150,,,False,DraftKings,12,-105,3,REG,220,-260,1.5,Final,6.0,-115
WSH,2023-01-20T02:00Z,401459306,ARI,2022,Washington Capitals,4,Arizona Coyotes,0,-135,,,275,,,False,DraftKings,12,-105,3,REG,115,-135,1.5,Final,6.0,-115
TB,2023-01-20T02:00Z,401459310,EDM,2022,Tampa Bay Lightning,3,Edmonton Oilers,5,150,,,135,,,False,DraftKings,12,-130,3,REG,-240,200,-1.5,Final,6.5,110
NJ,2023-01-20T03:00Z,401459315,SEA,2022,New Jersey Devils,3,Seattle Kraken,4,125,,,155,,,False,DraftKings,12,-105,4,OT,200,-240,1.5,Final/OT,6.5,-115
DET,2023-01-20T03:00Z,401459318,VGK,2022,Detroit Red Wings,3,Vegas Golden Knights,2,215,,,-105,,,False,DraftKings,12,100,3,REG,-170,145,-1.5,Final,6.5,-120
DAL,2023-01-20T03:30Z,401459311,LA,2022,Dallas Stars,4,Los Angeles Kings,0,180,,,115,,,False,DraftKings,12,-105,3,REG,-215,185,-1.5,Final,6.0,-115
OTT,2023-01-21T00:00Z,401459319,PIT,2022,Ottawa Senators,1,Pittsburgh Penguins,4,200,,,-105,,,False,DraftKings,12,-115,3,REG,-175,150,-1.5,Final,6.5,-105
COL,2023-01-21T03:00Z,401459320,VAN,2022,Colorado Avalanche,4,Vancouver Canucks,1,105,,,185,,,False,DraftKings,12,-135,3,REG,165,-195,1.5,Final,6.5,115
ANA,2023-01-21T17:30Z,401459321,BUF,2022,Anaheim Ducks,3,Buffalo Sabres,6,350,,,-180,,,False,DraftKings,12,110,3,REG,100,-120,-1.5,Final,7.0,-130
TB,2023-01-21T20:00Z,401459322,CGY,2022,Tampa Bay Lightning,3,Calgary Flames,6,155,,,130,,,False,DraftKings,12,-115,3,REG,-250,210,-1.5,Final,6.0,-105
MIN,2023-01-21T23:00Z,401459326,FLA,2022,Minnesota Wild,3,Florida Panthers,5,155,,,125,,,False,DraftKings,12,-130,3,REG,-230,195,-1.5,Final,6.5,110
SJ,2023-01-22T00:00Z,401459323,CBJ,2022,San Jose Sharks,3,Columbus Blue Jackets,5,120,,,165,,,False,DraftKings,12,-130,3,REG,185,-215,1.5,Final,6.5,110
PHI,2023-01-22T00:00Z,401459325,DET,2022,Philadelphia Flyers,2,Detroit Red Wings,1,190,,,110,,,False,DraftKings,12,-120,3,REG,-200,170,-1.5,Final,6.0,100
TOR,2023-01-22T00:00Z,401459327,MTL,2022,Toronto Maple Leafs,2,Montreal Canadiens,3,-210,,,425,,,False,DraftKings,12,100,4,OT,-130,110,1.5,Final/OT,6.5,-120
WPG,2023-01-22T00:00Z,401459330,OTT,2022,Winnipeg Jets,5,Ottawa Senators,1,115,,,180,,,False,DraftKings,12,-120,3,REG,180,-210,1.5,Final,6.0,100
CAR,2023-01-22T00:30Z,401459328,NYI,2022,Carolina Hurricanes,5,New York Islanders,2,-105,,,220,,,False,DraftKings,12,-105,3,REG,155,-180,1.5,Final,5.5,-115
ARI,2023-01-22T01:00Z,401459324,DAL,2022,Arizona Coyotes,0,Dallas Stars,4,450,,,-220,,,False,DraftKings,12,-110,3,REG,115,-135,-1.5,Final,6.0,-110
LA,2023-01-22T01:00Z,401459329,NSH,2022,Los Angeles Kings,3,Nashville Predators,5,160,,,130,,,False,DraftKings,12,-105,3,REG,-245,205,-1.5,Final,6.0,-115
CHI,2023-01-22T01:00Z,401459332,STL,2022,Chicago Blackhawks,5,St. Louis Blues,3,310,,,-150,,,False,DraftKings,12,-115,3,REG,-125,105,-1.5,Final,6.0,-105
COL,2023-01-22T03:00Z,401459331,SEA,2022,Colorado Avalanche,2,Seattle Kraken,1,140,,,145,,,False,DraftKings,12,100,5,SO,-280,235,-1.5,Final/SO,6.5,-120
EDM,2023-01-22T03:00Z,401459333,VAN,2022,Edmonton Oilers,4,Vancouver Canucks,2,-120,,,235,,,False,DraftKings,12,-120,3,REG,120,-140,1.5,Final,7.0,100
WSH,2023-01-22T03:00Z,401459334,VGK,2022,Washington Capitals,2,Vegas Golden Knights,6,160,,,130,,,False,DraftKings,12,-120,3,REG,-245,205,-1.5,Final,5.5,100
PIT,2023-01-22T19:00Z,401459338,NJ,2022,Pittsburgh Penguins,1,New Jersey Devils,2,185,,,110,,,False,DraftKings,12,-110,4,OT,-195,165,-1.5,Final/OT,6.5,-110
SJ,2023-01-23T00:00Z,401459336,BOS,2022,San Jose Sharks,0,Boston Bruins,4,500,,,-245,,,False,DraftKings,12,-125,3,REG,135,-155,-1.5,Final,6.0,105
LA,2023-01-23T00:00Z,401459337,CHI,2022,Los Angeles Kings,2,Chicago Blackhawks,1,-145,,,290,,,False,DraftKings,12,-125,3,REG,110,-130,1.5,Final,6.0,105
WPG,2023-01-23T00:00Z,401459339,PHI,2022,Winnipeg Jets,5,Philadelphia Flyers,3,-105,,,210,,,False,DraftKings,12,100,3,REG,150,-175,1.5,Final,6.5,-120
VGK,2023-01-23T01:00Z,401459335,ARI,2022,Vegas Golden Knights,1,Arizona Coyotes,4,-140,,,290,,,False,DraftKings,12,350,3,REG,120,-140,1.5,Final,8.5,-550
FLA,2023-01-24T00:00Z,401459342,NYR,2022,Florida Panthers,2,New York Rangers,6,200,,,100,,,False,DraftKings,12,-110,3,REG,-180,155,-1.5,Final,6.5,-110
NYI,2023-01-24T00:00Z,401459343,TOR,2022,New York Islanders,2,Toronto Maple Leafs,5,300,,,-145,,,False,DraftKings,12,-115,3,REG,-130,110,-1.5,Final,5.5,-105
BUF,2023-01-24T01:30Z,401459341,DAL,2022,Buffalo Sabres,3,Dallas Stars,2,245,,,-125,,,False,DraftKings,12,-130,4,OT,-145,125,-1.5,Final/OT,6.5,110
CBJ,2023-01-24T02:30Z,401459340,CGY,2022,Columbus Blue Jackets,3,Calgary Flames,4,475,,,-235,,,False,DraftKings,12,100,4,OT,130,-150,-1.5,Final/OT,6.5,-120
SJ,2023-01-25T00:00Z,401459346,DET,2022,San Jose Sharks,2,Detroit Red Wings,3,190,,,105,,,False,DraftKings,12,-110,4,OT,-200,170,-1.5,Final/OT,6.5,-110
BOS,2023-01-25T00:00Z,401459347,MTL,2022,Boston Bruins,4,Montreal Canadiens,2,-260,,,500,,,False,DraftKings,12,-110,3,REG,-165,140,1.5,Final,6.0,-110
LA,2023-01-25T00:00Z,401459350,PHI,2022,Los Angeles Kings,4,Philadelphia Flyers,3,120,,,170,,,False,DraftKings,12,-110,4,OT,195,-230,1.5,Final/OT,6.0,-110
FLA,2023-01-25T00:00Z,401459351,PIT,2022,Florida Panthers,6,Pittsburgh Penguins,7,190,,,100,,,False,DraftKings,12,-125,4,OT,-175,150,-1.5,Final/OT,6.5,105
MIN,2023-01-25T00:00Z,401459353,TB,2022,Minnesota Wild,2,Tampa Bay Lightning,4,210,,,-105,,,False,DraftKings,12,100,3,REG,-175,150,-1.5,Final,6.5,-120
VGK,2023-01-25T00:30Z,401459349,NJ,2022,Vegas Golden Knights,2,New Jersey Devils,3,225,,,-110,,,False,DraftKings,12,-120,4,OT,-170,145,-1.5,Final/OT,6.0,100
WPG,2023-01-25T01:00Z,401459348,NSH,2022,Winnipeg Jets,1,Nashville Predators,2,130,,,155,,,False,DraftKings,12,-120,3,REG,215,-255,1.5,Final,5.5,100
BUF,2023-01-25T01:00Z,401459352,STL,2022,Buffalo Sabres,5,St. Louis Blues,3,165,,,120,,,False,DraftKings,12,-135,3,REG,-215,185,-1.5,Final,6.5,115
ANA,2023-01-25T02:00Z,401459344,ARI,2022,Anaheim Ducks,5,Arizona Coyotes,2,170,,,115,,,False,DraftKings,12,-105,3,REG,-225,190,-1.5,Final,6.5,-115
WSH,2023-01-25T02:00Z,401459345,COL,2022,Washington Capitals,2,Colorado Avalanche,3,175,,,120,,,False,DraftKings,12,100,3,REG,-225,190,-1.5,Final,6.0,-120
CHI,2023-01-25T03:00Z,401459354,VAN,2022,Chicago Blackhawks,2,Vancouver Canucks,5,295,,,-145,,,False,DraftKings,12,-105,3,REG,-120,100,-1.5,Final,6.5,-115
NYI,2023-01-26T00:00Z,401459357,OTT,2022,New York Islanders,1,Ottawa Senators,2,160,,,125,,,False,DraftKings,12,235,3,REG,-255,215,-1.5,Final,7.5,-335
NYR,2023-01-26T00:00Z,401459359,TOR,2022,New York Rangers,2,Toronto Maple Leafs,3,205,,,100,,,False,DraftKings,12,280,4,OT,-190,160,-1.5,Final/OT,7.5,-420
CAR,2023-01-26T01:30Z,401459355,DAL,2022,Carolina Hurricanes,3,Dallas Stars,2,130,,,155,,,False,DraftKings,12,265,4,OT,-250,210,-1.5,Final/OT,7.5,-385
CBJ,2023-01-26T02:30Z,401459356,EDM,2022,Columbus Blue Jackets,3,Edmonton Oilers,2,475,,,-240,,,False,DraftKings,12,245,4,OT,,,,Final/OT,8.5,-350
VAN,2023-01-26T03:00Z,401459358,SEA,2022,Vancouver Canucks,1,Seattle Kraken,6,200,,,-105,,,False,DraftKings,11,215,3,REG,-165,140,-1.5,Final,8.5,-300
DET,2023-01-27T00:00Z,401459364,MTL,2022,Detroit Red Wings,4,Montreal Canadiens,3,105,,,190,,,False,DraftKings,12,-105,4,OT,170,-200,1.5,Final/OT,6.0,-115
BOS,2023-01-27T00:00Z,401459366,TB,2022,Boston Bruins,2,Tampa Bay Lightning,3,145,,,140,,,False,DraftKings,12,100,3,REG,-275,230,-1.5,Final,6.0,-120
PIT,2023-01-27T00:00Z,401459367,WSH,2022,Pittsburgh Penguins,2,Washington Capitals,3,160,,,125,,,False,DraftKings,12,100,5,SO,-230,195,-1.5,Final/SO,6.5,-120
PHI,2023-01-27T01:00Z,401459363,MIN,2022,Philadelphia Flyers,2,Minnesota Wild,3,290,,,-140,,,False,DraftKings,12,-110,4,OT,-135,115,-1.5,Final/OT,6.0,-110
NJ,2023-01-27T01:00Z,401459365,NSH,2022,New Jersey Devils,4,Nashville Predators,6,130,,,150,,,False,DraftKings,12,100,3,REG,210,-250,1.5,Final,6.5,-120
BUF,2023-01-27T01:00Z,401459368,WPG,2022,Buffalo Sabres,3,Winnipeg Jets,2,230,,,-115,,,False,DraftKings,12,-120,3,REG,-155,135,-1.5,Final,6.5,100
STL,2023-01-27T02:00Z,401459360,ARI,2022,St. Louis Blues,0,Arizona Coyotes,5,100,,,195,,,False,DraftKings,12,100,3,REG,160,-190,1.5,Final,6.5,-120
CHI,2023-01-27T02:00Z,401459361,CGY,2022,Chicago Blackhawks,5,Calgary Flames,1,500,,,-255,,,False,DraftKings,11,105,3,REG,135,-155,-1.5,Final,6.5,-125
ANA,2023-01-27T02:00Z,401459362,COL,2022,Anaheim Ducks,5,Colorado Avalanche,3,475,,,-235,,,False,DraftKings,12,100,3,REG,125,-145,-1.5,Final,6.5,-120
SJ,2023-01-28T00:00Z,401459369,CAR,2022,San Jose Sharks,4,Carolina Hurricanes,5,350,,,-175,,,False,DraftKings,12,105,4,OT,-110,-110,-1.5,Final/OT,6.5,-125
LA,2023-01-28T00:00Z,401459371,FLA,2022,Los Angeles Kings,4,Florida Panthers,3,170,,,115,,,False,DraftKings,11,-130,3,REG,-205,175,-1.5,Final,6.5,110
DET,2023-01-28T00:00Z,401459372,NYI,2022,Detroit Red Wings,0,New York Islanders,2,225,,,-110,,,False,DraftKings,12,105,3,REG,-175,150,-1.5,Final,6.0,-125
VGK,2023-01-28T00:00Z,401459373,NYR,2022,Vegas Golden Knights,1,New York Rangers,4,185,,,110,,,False,DraftKings,11,100,3,REG,-210,180,-1.5,Final,6.0,-120
OTT,2023-01-28T00:00Z,401459375,TOR,2022,Ottawa Senators,6,Toronto Maple Leafs,2,285,,,-140,,,False,DraftKings,12,-120,3,REG,-135,115,-1.5,Final,6.0,100
NJ,2023-01-28T01:30Z,401459370,DAL,2022,New Jersey Devils,3,Dallas Stars,2,195,,,105,,,False,DraftKings,12,245,4,OT,-195,165,-1.5,Final/OT,7.5,-350
CGY,2023-01-28T03:00Z,401459374,SEA,2022,Calgary Flames,5,Seattle Kraken,2,155,,,130,,,False,DraftKings,11,-115,3,REG,-255,215,-1.5,Final,6.0,-105
CBJ,2023-01-28T03:00Z,401459376,VAN,2022,Columbus Blue Jackets,2,Vancouver Canucks,5,220,,,-115,,,False,DraftKings,12,110,3,REG,-155,135,-1.5,Final,7.0,-130
STL,2023-01-28T20:00Z,401459378,COL,2022,St. Louis Blues,2,Colorado Avalanche,4,310,,,-145,,,False,DraftKings,12,100,3,REG,-130,110,-1.5,Final,6.0,-120
BOS,2023-01-28T23:00Z,401459380,FLA,2022,Boston Bruins,3,Florida Panthers,4,-105,,,210,,,False,DraftKings,11,-130,4,OT,150,-175,1.5,Final/OT,6.5,110
MTL,2023-01-29T00:00Z,401459383,OTT,2022,Montreal Canadiens,0,Ottawa Senators,5,300,,,-150,,,False,DraftKings,12,100,3,REG,-125,105,-1.5,Final,6.5,-120
SJ,2023-01-29T00:00Z,401459384,PIT,2022,San Jose Sharks,6,Pittsburgh Penguins,4,330,,,-165,,,False,DraftKings,11,-120,3,REG,-120,100,-1.5,Final,6.5,100
LA,2023-01-29T00:00Z,401459386,TB,2022,Los Angeles Kings,2,Tampa Bay Lightning,5,285,,,-140,,,False,DraftKings,12,-120,3,REG,-135,115,-1.5,Final,6.0,100
PHI,2023-01-29T00:00Z,401459387,WPG,2022,Philadelphia Flyers,4,Winnipeg Jets,0,280,,,-140,,,False,DraftKings,12,230,3,REG,-135,115,-1.5,Final,7.5,-325
VGK,2023-01-29T00:30Z,401459382,NYI,2022,Vegas Golden Knights,1,New York Islanders,2,155,,,135,,,False,DraftKings,12,-105,4,OT,-255,215,-1.5,Final/OT,6.0,-115
BUF,2023-01-29T02:00Z,401459381,MIN,2022,Buffalo Sabres,2,Minnesota Wild,3,225,,,-115,,,False,DraftKings,12,-110,5,SO,-165,140,-1.5,Final/SO,6.5,-110
CHI,2023-01-29T03:00Z,401459379,EDM,2022,Chicago Blackhawks,3,Edmonton Oilers,7,475,,,-240,,,False,DraftKings,12,-135,3,REG,,,,Final,6.5,115
CBJ,2023-01-29T03:00Z,401459385,SEA,2022,Columbus Blue Jackets,1,Seattle Kraken,3,330,,,-165,,,False,DraftKings,12,-115,3,REG,-115,-105,-1.5,Final,6.5,-105
ARI,2023-01-29T03:30Z,401459377,ANA,2022,Arizona Coyotes,1,Anaheim Ducks,2,140,,,140,,,False,DraftKings,12,-115,4,OT,-265,225,-1.5,Final/OT,6.5,-105
BOS,2023-01-29T22:00Z,401459388,CAR,2022,Boston Bruins,1,Carolina Hurricanes,4,170,,,125,,,False,DraftKings,12,-115,3,REG,-230,195,-1.5,Final,5.5,-105
WSH,2023-01-29T22:00Z,401459389,TOR,2022,Washington Capitals,1,Toronto Maple Leafs,5,190,,,105,,,False,DraftKings,12,-115,3,REG,-205,175,-1.5,Final,6.0,-105
STL,2023-01-31T01:00Z,401459390,WPG,2022,St. Louis Blues,2,Winnipeg Jets,4,310,,,-150,,,False,DraftKings,12,-120,3,REG,-130,110,-1.5,Final,6.0,100
LA,2023-02-01T00:00Z,401459391,CAR,2022,Los Angeles Kings,4,Carolina Hurricanes,5,260,,,-125,,,False,DraftKings,12,-105,4,OT,-145,125,-1.5,Final/OT,6.0,-115
WSH,2023-02-01T00:00Z,401459392,CBJ,2022,Washington Capitals,4,Columbus Blue Jackets,3,-130,,,260,,,False,DraftKings,12,-105,4,OT,115,-135,1.5,Final/OT,6.5,-115
OTT,2023-02-01T00:00Z,401459393,MTL,2022,Ottawa Senators,5,Montreal Canadiens,4,-120,,,240,,,False,DraftKings,12,-110,3,REG,125,-145,1.5,Final,6.5,-110
CAR,2023-02-02T00:30Z,401459394,BUF,2022,Carolina Hurricanes,5,Buffalo Sabres,1,110,,,175,,,False,DraftKings,12,-130,3,REG,170,-200,1.5,Final,6.5,110
BOS,2023-02-02T00:30Z,401459395,TOR,2022,Boston Bruins,5,Toronto Maple Leafs,2,120,,,170,,,False,DraftKings,12,-110,3,REG,200,-240,1.5,Final,5.5,-110
PAC,2023-02-04T20:00Z,401524157,CEN,2022,Pacific,4,Central,6,,,,,,,False,,,,2,REG,,,,Final,,
MET,2023-02-04T21:00Z,401524158,ATL,2022,Metro,6,Atlantic,10,,,,,,,False,,,,2,REG,,,,Final,,
CEN,2023-02-04T22:00Z,401524159,ATL,2022,Central,5,Atlantic,7,,,,,,,False,,,,2,REG,,,,Final,,
TB,2023-02-07T00:00Z,401459398,FLA,2022,Tampa Bay Lightning,1,Florida Panthers,7,135,,,145,,,False,DraftKings,13,-125,3,REG,205,-245,1.5,Final,6.5,105
NYI,2023-02-07T00:00Z,401459401,PHI,2022,New York Islanders,2,Philadelphia Flyers,1,120,,,170,,,False,DraftKings,13,100,3,REG,195,-230,1.5,Final,6.0,-120
CGY,2023-02-07T00:30Z,401459399,NYR,2022,Calgary Flames,4,New York Rangers,5,145,,,140,,,False,DraftKings,13,-105,4,OT,-265,225,-1.5,Final/OT,6.0,-115
VAN,2023-02-07T00:30Z,401459400,NJ,2022,Vancouver Canucks,4,New Jersey Devils,5,280,,,-140,,,False,DraftKings,13,-120,4,OT,-130,110,-1.5,Final/OT,6.5,100
ANA,2023-02-07T01:30Z,401459397,DAL,2022,Anaheim Ducks,2,Dallas Stars,3,500,,,-245,,,False,DraftKings,13,100,5,SO,130,-150,-1.5,Final/SO,6.5,-120
MIN,2023-02-07T02:00Z,401459396,ARI,2022,Minnesota Wild,2,Arizona Coyotes,3,-145,,,300,,,False,DraftKings,13,370,3,REG,110,-130,1.5,Final,8.5,-600
COL,2023-02-08T00:00Z,401459406,PIT,2022,Colorado Avalanche,1,Pittsburgh Penguins,2,140,,,140,,,False,DraftKings,13,-110,4,OT,-260,220,-1.5,Final/OT,6.5,-110
SJ,2023-02-08T00:00Z,401459407,TB,2022,San Jose Sharks,4,Tampa Bay Lightning,3,265,,,-135,,,False,DraftKings,13,-140,4,OT,-130,110,-1.5,Final/OT,6.5,120
EDM,2023-02-08T00:30Z,401459403,DET,2022,Edmonton Oilers,5,Detroit Red Wings,2,-105,,,200,,,False,DraftKings,12,-130,3,REG,150,-175,1.5,Final,6.5,110
SEA,2023-02-08T00:30Z,401459404,NYI,2022,Seattle Kraken,0,New York Islanders,4,155,,,135,,,False,DraftKings,13,-115,3,REG,-255,215,-1.5,Final,5.5,-105
VGK,2023-02-08T01:00Z,401459405,NSH,2022,Vegas Golden Knights,5,Nashville Predators,1,150,,,135,,,False,DraftKings,13,-105,3,REG,-255,215,-1.5,Final,6.0,-115
ANA,2023-02-08T01:30Z,401459402,CHI,2022,Anaheim Ducks,3,Chicago Blackhawks,2,150,,,130,,,False,DraftKings,13,100,4,OT,-245,205,-1.5,Final/OT,6.5,-120
VAN,2023-02-09T01:00Z,401459409,NYR,2022,Vancouver Canucks,3,New York Rangers,4,300,,,-150,,,False,DraftKings,13,-110,3,REG,-120,100,-1.5,Final,6.5,-110
MIN,2023-02-09T01:30Z,401459408,DAL,2022,Minnesota Wild,1,Dallas Stars,4,195,,,105,,,False,DraftKings,13,-125,3,REG,-195,165,-1.5,Final,5.5,105
CGY,2023-02-10T00:00Z,401459410,DET,2022,Calgary Flames,1,Detroit Red Wings,2,100,,,200,,,False,DraftKings,13,-110,3,REG,160,-190,1.5,Final,6.0,-110
SJ,2023-02-10T00:00Z,401459411,FLA,2022,San Jose Sharks,1,Florida Panthers,4,290,,,-150,,,False,DraftKings,13,105,3,REG,-120,100,-1.5,Final,7.0,-125
SEA,2023-02-10T00:00Z,401459414,NJ,2022,Seattle Kraken,1,New Jersey Devils,3,165,,,120,,,False,DraftKings,13,100,3,REG,-225,190,-1.5,Final,6.5,-120
EDM,2023-02-10T00:00Z,401459415,PHI,2022,Edmonton Oilers,1,Philadelphia Flyers,2,-115,,,220,,,False,DraftKings,13,110,5,SO,135,-155,1.5,Final/SO,7.0,-130
COL,2023-02-10T00:00Z,401459416,TB,2022,Colorado Avalanche,0,Tampa Bay Lightning,5,180,,,110,,,False,DraftKings,13,-110,3,REG,-195,165,-1.5,Final,6.0,-110
VAN,2023-02-10T00:30Z,401459413,NYI,2022,Vancouver Canucks,6,New York Islanders,5,285,,,-140,,,False,DraftKings,13,105,3,REG,-130,110,-1.5,Final,6.5,-125
VGK,2023-02-10T01:00Z,401459412,MIN,2022,Vegas Golden Knights,5,Minnesota Wild,1,160,,,130,,,False,DraftKings,13,-120,3,REG,-255,215,-1.5,Final,5.5,100
TOR,2023-02-11T00:00Z,401459419,CBJ,2022,Toronto Maple Leafs,3,Columbus Blue Jackets,0,-160,,,330,,,False,DraftKings,13,100,3,REG,-105,-115,1.5,Final,6.5,-120
SEA,2023-02-11T00:00Z,401459420,NYR,2022,Seattle Kraken,3,New York Rangers,6,250,,,-125,,,False,DraftKings,13,-110,3,REG,-145,125,-1.5,Final,6.0,-110
ARI,2023-02-11T01:30Z,401459418,CHI,2022,Arizona Coyotes,3,Chicago Blackhawks,4,140,,,145,,,False,DraftKings,13,-115,4,OT,225,-265,1.5,Final/OT,6.0,-105
PIT,2023-02-11T03:00Z,401459417,ANA,2022,Pittsburgh Penguins,6,Anaheim Ducks,3,-160,,,320,,,False,DraftKings,13,105,3,REG,-105,-115,1.5,Final,6.5,-125
VAN,2023-02-11T17:00Z,401459425,DET,2022,Vancouver Canucks,2,Detroit Red Wings,5,165,,,120,,,False,DraftKings,13,-120,3,REG,-215,185,-1.5,Final,6.5,100
CGY,2023-02-11T17:30Z,401459422,BUF,2022,Calgary Flames,7,Buffalo Sabres,2,120,,,160,,,False,DraftKings,13,-120,3,REG,190,-225,1.5,Final,6.5,100
NYI,2023-02-11T17:30Z,401459429,MTL,2022,New York Islanders,3,Montreal Canadiens,4,-140,,,285,,,False,DraftKings,13,100,4,OT,115,-135,1.5,Final/OT,6.0,-120
EDM,2023-02-11T17:30Z,401459430,OTT,2022,Edmonton Oilers,6,Ottawa Senators,3,110,,,175,,,False,DraftKings,12,245,3,REG,170,-200,1.5,Final,8.5,-350
NSH,2023-02-11T17:30Z,401459431,PHI,2022,Nashville Predators,2,Philadelphia Flyers,1,110,,,185,,,False,DraftKings,13,105,4,OT,180,-210,1.5,Final/OT,6.0,-125
TB,2023-02-11T18:00Z,401459424,DAL,2022,Tampa Bay Lightning,3,Dallas Stars,1,155,,,130,,,False,DraftKings,13,-110,3,REG,-250,210,-1.5,Final,6.0,-110
WSH,2023-02-11T20:30Z,401459421,BOS,2022,Washington Capitals,2,Boston Bruins,1,235,,,-115,,,False,DraftKings,13,-110,3,REG,-155,135,-1.5,Final,6.0,-110
COL,2023-02-11T23:00Z,401459426,FLA,2022,Colorado Avalanche,5,Florida Panthers,3,165,,,120,,,False,DraftKings,13,-110,3,REG,-210,180,-1.5,Final,6.5,-110
NYR,2023-02-12T00:00Z,401459423,CAR,2022,New York Rangers,6,Carolina Hurricanes,2,285,,,-140,,,False,DraftKings,12,230,3,REG,-130,110,-1.5,Final,7.5,-325
CBJ,2023-02-12T00:00Z,401459433,TOR,2022,Columbus Blue Jackets,4,Toronto Maple Leafs,3,450,,,-220,,,False,DraftKings,12,-120,3,REG,115,-135,-1.5,Final,6.0,100
NJ,2023-02-12T01:00Z,401459428,MIN,2022,New Jersey Devils,2,Minnesota Wild,3,155,,,130,,,False,DraftKings,13,100,5,SO,-250,210,-1.5,Final/SO,6.0,-120
ARI,2023-02-12T01:00Z,401459432,STL,2022,Arizona Coyotes,5,St. Louis Blues,6,255,,,-125,,,False,DraftKings,13,-115,4,OT,-150,130,-1.5,Final/OT,6.0,-105
CHI,2023-02-12T03:00Z,401459434,WPG,2022,Chicago Blackhawks,1,Winnipeg Jets,4,475,,,-235,,,False,DraftKings,12,-115,3,REG,125,-145,-1.5,Final,6.0,-105
PIT,2023-02-12T03:30Z,401459427,LA,2022,Pittsburgh Penguins,0,Los Angeles Kings,6,150,,,135,,,False,DraftKings,13,-115,3,REG,-240,200,-1.5,Final,6.5,-105
EDM,2023-02-12T17:30Z,401459435,MTL,2022,Edmonton Oilers,2,Montreal Canadiens,6,-190,,,380,,,False,DraftKings,13,110,3,REG,-115,-105,1.5,Final,7.0,-130
SEA,2023-02-12T18:00Z,401459436,PHI,2022,Seattle Kraken,4,Philadelphia Flyers,3,100,,,195,,,False,DraftKings,13,105,3,REG,160,-190,1.5,Final,6.5,-125
SJ,2023-02-12T18:30Z,401459438,WSH,2022,San Jose Sharks,4,Washington Capitals,1,220,,,-110,,,False,DraftKings,13,-110,3,REG,-165,140,-1.5,Final,6.5,-110
ANA,2023-02-12T20:00Z,401459437,VGK,2022,Anaheim Ducks,2,Vegas Golden Knights,7,450,,,-225,,,False,DraftKings,13,-105,3,REG,120,-140,-1.5,Final,6.5,-115
CGY,2023-02-14T00:30Z,401459442,OTT,2022,Calgary Flames,3,Ottawa Senators,4,-105,,,200,,,False,DraftKings,13,-115,4,OT,155,-180,1.5,Final/OT,6.5,-105
FLA,2023-02-14T01:00Z,401459440,MIN,2022,Florida Panthers,2,Minnesota Wild,1,135,,,145,,,False,DraftKings,13,-120,5,SO,-265,225,-1.5,Final/SO,6.5,100
ARI,2023-02-14T01:00Z,401459441,NSH,2022,Arizona Coyotes,4,Nashville Predators,2,300,,,-145,,,False,DraftKings,13,-105,3,REG,-125,105,-1.5,Final,6.0,-115
DET,2023-02-14T03:00Z,401459443,VAN,2022,Detroit Red Wings,6,Vancouver Canucks,1,150,,,130,,,False,DraftKings,13,-120,3,REG,-240,200,-1.5,Final,6.5,100
BUF,2023-02-14T03:30Z,401459439,LA,2022,Buffalo Sabres,2,Los Angeles Kings,5,180,,,110,,,False,DraftKings,13,-135,3,REG,-205,175,-1.5,Final,6.5,115
CHI,2023-02-15T00:00Z,401459447,MTL,2022,Chicago Blackhawks,0,Montreal Canadiens,4,185,,,110,,,False,DraftKings,13,-120,3,REG,-210,180,-1.5,Final,6.0,100
CAR,2023-02-15T00:00Z,401459451,WSH,2022,Carolina Hurricanes,3,Washington Capitals,2,-105,,,220,,,False,DraftKings,13,-115,3,REG,155,-180,1.5,Final,5.5,-105
NJ,2023-02-15T00:30Z,401459445,CBJ,2022,New Jersey Devils,3,Columbus Blue Jackets,2,-130,,,265,,,False,DraftKings,13,100,3,REG,120,-140,1.5,Final,6.5,-120
OTT,2023-02-15T00:30Z,401459448,NYI,2022,Ottawa Senators,3,New York Islanders,2,275,,,-135,,,False,DraftKings,13,-120,5,SO,-150,130,-1.5,Final/SO,6.0,100
FLA,2023-02-15T01:00Z,401459450,STL,2022,Florida Panthers,2,St. Louis Blues,6,120,,,160,,,False,DraftKings,13,-135,3,REG,190,-225,1.5,Final,6.5,115
SEA,2023-02-15T01:00Z,401459452,WPG,2022,Seattle Kraken,2,Winnipeg Jets,3,180,,,115,,,False,DraftKings,13,100,5,SO,-210,180,-1.5,Final/SO,6.5,-120
BOS,2023-02-15T01:30Z,401459446,DAL,2022,Boston Bruins,3,Dallas Stars,2,130,,,165,,,False,DraftKings,13,-110,4,OT,210,-250,1.5,Final/OT,5.5,-110
TB,2023-02-15T02:00Z,401459444,COL,2022,Tampa Bay Lightning,4,Colorado Avalanche,3,135,,,150,,,False,DraftKings,13,100,5,SO,220,-260,1.5,Final/SO,6.0,-120
PIT,2023-02-15T03:30Z,401459449,SJ,2022,Pittsburgh Penguins,3,San Jose Sharks,1,-105,,,200,,,False,DraftKings,13,115,3,REG,145,-170,1.5,Final,7.0,-135
CHI,2023-02-16T00:00Z,401459457,TOR,2022,Chicago Blackhawks,2,Toronto Maple Leafs,5,550,,,-275,,,False,DraftKings,12,100,3,REG,180,-210,-1.5,Final,6.5,-120
TB,2023-02-16T02:00Z,401459454,ARI,2022,Tampa Bay Lightning,0,Arizona Coyotes,1,-150,,,300,,,False,DraftKings,13,100,5,SO,105,-125,1.5,Final/SO,6.5,-120
DET,2023-02-16T02:30Z,401459455,EDM,2022,Detroit Red Wings,5,Edmonton Oilers,4,310,,,-160,,,False,DraftKings,12,-130,5,SO,-115,-105,-1.5,Final/SO,6.5,110
COL,2023-02-16T02:30Z,401459456,MIN,2022,Colorado Avalanche,3,Minnesota Wild,2,170,,,120,,,False,DraftKings,13,100,3,REG,-225,190,-1.5,Final,6.0,-120
BUF,2023-02-16T03:00Z,401459453,ANA,2022,Buffalo Sabres,7,Anaheim Ducks,3,-130,,,245,,,False,DraftKings,12,105,3,REG,120,-140,1.5,Final,7.0,-125
NYR,2023-02-16T03:00Z,401459458,VAN,2022,New York Rangers,6,Vancouver Canucks,4,-115,,,220,,,False,DraftKings,13,-115,3,REG,135,-155,1.5,Final,6.5,-105
MTL,2023-02-17T00:00Z,401459460,CAR,2022,Montreal Canadiens,2,Carolina Hurricanes,6,550,,,-270,,,False,DraftKings,13,-120,3,REG,145,-170,-1.5,Final,6.0,100
WPG,2023-02-17T00:00Z,401459461,CBJ,2022,Winnipeg Jets,1,Columbus Blue Jackets,3,-125,,,245,,,False,DraftKings,12,-105,3,REG,130,-150,1.5,Final,6.5,-115
FLA,2023-02-17T00:00Z,401459466,WSH,2022,Florida Panthers,6,Washington Capitals,3,125,,,160,,,False,DraftKings,13,100,3,REG,200,-240,1.5,Final,6.5,-120
BOS,2023-02-17T01:00Z,401459462,NSH,2022,Boston Bruins,5,Nashville Predators,0,-110,,,230,,,False,DraftKings,13,-125,3,REG,150,-175,1.5,Final,5.5,105
DET,2023-02-17T02:00Z,401459459,CGY,2022,Detroit Red Wings,5,Calgary Flames,2,320,,,-160,,,False,DraftKings,11,-120,3,REG,-115,-105,-1.5,Final,6.5,100
NJ,2023-02-17T02:00Z,401459464,STL,2022,New Jersey Devils,2,St. Louis Blues,4,105,,,195,,,False,DraftKings,13,-115,3,REG,165,-195,1.5,Final,6.0,-105
PHI,2023-02-17T03:00Z,401459463,SEA,2022,Philadelphia Flyers,2,Seattle Kraken,6,260,,,-125,,,False,DraftKings,13,-120,3,REG,-150,130,-1.5,Final,5.5,100
SJ,2023-02-17T03:00Z,401459465,VGK,2022,San Jose Sharks,1,Vegas Golden Knights,2,235,,,-120,,,False,DraftKings,13,-125,3,REG,-150,130,-1.5,Final,6.5,105
PIT,2023-02-18T00:00Z,401459470,NYI,2022,Pittsburgh Penguins,4,New York Islanders,5,170,,,120,,,False,DraftKings,13,-120,3,REG,-230,195,-1.5,Final,5.5,100
CHI,2023-02-18T00:00Z,401459471,OTT,2022,Chicago Blackhawks,4,Ottawa Senators,3,350,,,-175,,,False,DraftKings,13,-105,4,OT,-110,-110,-1.5,Final/OT,6.5,-115
DAL,2023-02-18T01:00Z,401459469,MIN,2022,Dallas Stars,1,Minnesota Wild,2,140,,,150,,,False,DraftKings,13,-105,5,SO,230,-275,1.5,Final/SO,5.5,-115
LA,2023-02-18T02:00Z,401459467,ANA,2022,Los Angeles Kings,6,Anaheim Ducks,3,-175,,,350,,,False,DraftKings,13,-120,3,REG,-115,-105,1.5,Final,6.5,100
NYR,2023-02-18T02:00Z,401459468,EDM,2022,New York Rangers,5,Edmonton Oilers,4,170,,,110,,,False,DraftKings,12,100,5,SO,-200,170,-1.5,Final/SO,7.0,-120
FLA,2023-02-18T19:00Z,401459477,NSH,2022,Florida Panthers,3,Nashville Predators,7,120,,,165,,,False,DraftKings,13,-120,3,REG,190,-225,1.5,Final,6.5,100
COL,2023-02-18T19:00Z,401459481,STL,2022,Colorado Avalanche,4,St. Louis Blues,1,-115,,,225,,,False,DraftKings,13,-110,3,REG,140,-165,1.5,Final,6.5,-110
NYI,2023-02-18T22:00Z,401459472,BOS,2022,New York Islanders,2,Boston Bruins,6,370,,,-175,,,False,DraftKings,13,-110,3,REG,-110,-110,-1.5,Final,5.5,-110
NJ,2023-02-18T22:30Z,401459478,PIT,2022,New Jersey Devils,5,Pittsburgh Penguins,2,120,,,165,,,False,DraftKings,13,-115,3,REG,185,-215,1.5,Final,6.5,-105
CBJ,2023-02-18T23:00Z,401459475,DAL,2022,Columbus Blue Jackets,4,Dallas Stars,1,350,,,-170,,,False,DraftKings,13,-105,3,REG,-110,-110,-1.5,Final,6.0,-115
MTL,2023-02-19T00:00Z,401459482,TOR,2022,Montreal Canadiens,1,Toronto Maple Leafs,5,500,,,-260,,,False,DraftKings,13,-105,3,REG,135,-155,-1.5,Final,6.5,-115
WSH,2023-02-19T01:00Z,401459474,CAR,2022,Washington Capitals,1,Carolina Hurricanes,4,245,,,-115,,,False,DraftKings,13,-110,3,REG,-165,140,-1.5,Final,5.5,-110
NYR,2023-02-19T03:00Z,401459473,CGY,2022,New York Rangers,2,Calgary Flames,3,190,,,105,,,False,DraftKings,13,-105,4,OT,-195,165,-1.5,Final/OT,6.5,-115
PHI,2023-02-19T03:00Z,401459483,VAN,2022,Philadelphia Flyers,2,Vancouver Canucks,6,140,,,135,,,False,DraftKings,13,115,3,REG,-245,205,-1.5,Final,7.0,-135
ARI,2023-02-19T03:30Z,401459476,LA,2022,Arizona Coyotes,5,Los Angeles Kings,6,285,,,-145,,,False,DraftKings,13,100,5,SO,-130,110,-1.5,Final/SO,6.5,-120
BUF,2023-02-19T03:30Z,401459479,SJ,2022,Buffalo Sabres,4,San Jose Sharks,2,130,,,145,,,False,DraftKings,13,-105,3,REG,195,-230,1.5,Final,7.0,-115
DET,2023-02-19T03:30Z,401459480,SEA,2022,Detroit Red Wings,2,Seattle Kraken,4,225,,,-110,,,False,DraftKings,13,-115,3,REG,-165,140,-1.5,Final,6.0,-105
TB,2023-02-19T03:30Z,401459484,VGK,2022,Tampa Bay Lightning,4,Vegas Golden Knights,5,120,,,165,,,False,DraftKings,13,-115,3,REG,195,-230,1.5,Final,6.0,-105
NSH,2023-02-19T19:00Z,401459488,MIN,2022,Nashville Predators,3,Minnesota Wild,4,235,,,-115,,,False,DraftKings,12,110,3,REG,-165,140,-1.5,Final,6.0,-130
STL,2023-02-19T19:00Z,401459490,OTT,2022,St. Louis Blues,2,Ottawa Senators,7,215,,,-105,,,False,DraftKings,13,100,3,REG,-175,150,-1.5,Final,6.5,-120
EDM,2023-02-19T20:00Z,401459487,COL,2022,Edmonton Oilers,5,Colorado Avalanche,6,135,,,145,,,False,DraftKings,13,-125,4,OT,-275,230,-1.5,Final/OT,6.5,105
TOR,2023-02-19T23:00Z,401459486,CHI,2022,Toronto Maple Leafs,3,Chicago Blackhawks,5,-215,,,425,,,False,DraftKings,13,320,3,REG,-130,110,1.5,Final,8.5,-485
WPG,2023-02-20T00:00Z,401459489,NJ,2022,Winnipeg Jets,2,New Jersey Devils,4,155,,,130,,,False,DraftKings,12,215,3,REG,-240,200,-1.5,Final,7.5,-300
CBJ,2023-02-20T01:30Z,401459485,ARI,2022,Columbus Blue Jackets,2,Arizona Coyotes,3,165,,,120,,,False,DraftKings,13,105,4,OT,-225,190,-1.5,Final/OT,6.5,-125
OTT,2023-02-20T18:00Z,401459491,BOS,2022,Ottawa Senators,1,Boston Bruins,3,475,,,-240,,,False,DraftKings,13,100,3,REG,125,-145,-1.5,Final,6.5,-120
ANA,2023-02-20T18:00Z,401459493,FLA,2022,Anaheim Ducks,3,Florida Panthers,4,500,,,-270,,,False,DraftKings,13,-110,4,OT,145,-170,-1.5,Final/OT,7.0,-110
PHI,2023-02-20T21:00Z,401459492,CGY,2022,Philadelphia Flyers,4,Calgary Flames,3,310,,,-150,,,False,DraftKings,13,-120,3,REG,-125,105,-1.5,Final,6.0,100
SEA,2023-02-20T21:00Z,401459496,SJ,2022,Seattle Kraken,0,San Jose Sharks,4,100,,,200,,,False,DraftKings,13,-105,3,REG,150,-175,1.5,Final,6.5,-115
WPG,2023-02-21T00:00Z,401459494,NYR,2022,Winnipeg Jets,4,New York Rangers,1,215,,,-105,,,False,DraftKings,13,-110,3,REG,-170,145,-1.5,Final,6.0,-110
NYI,2023-02-21T00:00Z,401459495,PIT,2022,New York Islanders,4,Pittsburgh Penguins,2,195,,,105,,,False,DraftKings,13,-110,3,REG,-190,160,-1.5,Final,6.0,-110
STL,2023-02-22T00:00Z,401459498,CAR,2022,St. Louis Blues,1,Carolina Hurricanes,4,475,,,-230,,,False,DraftKings,13,-115,3,REG,120,-140,-1.5,Final,6.0,-105
MTL,2023-02-22T00:00Z,401459503,NJ,2022,Montreal Canadiens,5,New Jersey Devils,2,425,,,-215,,,False,DraftKings,13,100,3,REG,115,-135,-1.5,Final,6.5,-120
ANA,2023-02-22T00:00Z,401459504,TB,2022,Anaheim Ducks,1,Tampa Bay Lightning,6,700,,,-350,,,False,DraftKings,13,-125,3,REG,175,-205,-1.5,Final,6.5,105
DET,2023-02-22T00:00Z,401459505,WSH,2022,Detroit Red Wings,3,Washington Capitals,1,200,,,100,,,False,DraftKings,13,-110,3,REG,-190,160,-1.5,Final,6.0,-110
TOR,2023-02-22T00:30Z,401459497,BUF,2022,Toronto Maple Leafs,6,Buffalo Sabres,3,-105,,,200,,,False,DraftKings,13,105,3,REG,145,-170,1.5,Final,7.0,-125
LA,2023-02-22T01:00Z,401459501,MIN,2022,Los Angeles Kings,1,Minnesota Wild,2,165,,,125,,,False,DraftKings,13,265,3,REG,-245,205,-1.5,Final,7.5,-385
VAN,2023-02-22T01:00Z,401459502,NSH,2022,Vancouver Canucks,4,Nashville Predators,5,205,,,-105,,,False,DraftKings,13,-135,5,SO,-180,155,-1.5,Final/SO,6.5,115
VGK,2023-02-22T01:30Z,401459499,CHI,2022,Vegas Golden Knights,2,Chicago Blackhawks,3,-170,,,350,,,False,DraftKings,13,100,5,SO,-110,-110,1.5,Final/SO,6.5,-120
PHI,2023-02-22T02:00Z,401459500,EDM,2022,Philadelphia Flyers,2,Edmonton Oilers,4,400,,,-205,,,False,DraftKings,13,-135,3,REG,120,-140,-1.5,Final,6.5,115
WPG,2023-02-23T00:00Z,401459508,NYI,2022,Winnipeg Jets,1,New York Islanders,2,155,,,135,,,False,DraftKings,12,105,3,REG,-275,230,-1.5,Final,5.5,-125
CGY,2023-02-23T02:30Z,401459506,ARI,2022,Calgary Flames,6,Arizona Coyotes,3,-145,,,290,,,False,DraftKings,13,100,3,REG,110,-130,1.5,Final,6.5,-120
CHI,2023-02-23T02:30Z,401459507,DAL,2022,Chicago Blackhawks,4,Dallas Stars,3,600,,,-285,,,False,DraftKings,13,110,3,REG,150,-175,-1.5,Final,6.0,-130
MIN,2023-02-24T00:00Z,401459509,CBJ,2022,Minnesota Wild,2,Columbus Blue Jackets,0,-115,,,235,,,False,DraftKings,13,105,3,REG,140,-165,1.5,Final,6.0,-125
NYR,2023-02-24T00:00Z,401459510,DET,2022,New York Rangers,1,Detroit Red Wings,4,105,,,190,,,False,DraftKings,13,-110,3,REG,165,-195,1.5,Final,6.5,-110
LA,2023-02-24T00:00Z,401459511,NJ,2022,Los Angeles Kings,3,New Jersey Devils,4,180,,,110,,,False,DraftKings,13,-120,4,OT,-200,170,-1.5,Final/OT,6.0,100
EDM,2023-02-24T00:00Z,401459512,PIT,2022,Edmonton Oilers,7,Pittsburgh Penguins,2,135,,,140,,,False,DraftKings,13,-120,3,REG,-240,200,-1.5,Final,7.0,100
BUF,2023-02-24T00:00Z,401459516,TB,2022,Buffalo Sabres,6,Tampa Bay Lightning,5,290,,,-150,,,False,DraftKings,13,105,4,OT,-120,100,-1.5,Final/OT,7.0,-125
ANA,2023-02-24T00:00Z,401459518,WSH,2022,Anaheim Ducks,4,Washington Capitals,2,425,,,-205,,,False,DraftKings,13,100,3,REG,110,-130,-1.5,Final,6.5,-120
VAN,2023-02-24T01:00Z,401459515,STL,2022,Vancouver Canucks,3,St. Louis Blues,2,155,,,125,,,False,DraftKings,12,-145,4,OT,-230,195,-1.5,Final/OT,6.5,125
CGY,2023-02-24T02:00Z,401459517,VGK,2022,Calgary Flames,3,Vegas Golden Knights,4,180,,,110,,,False,DraftKings,12,100,4,OT,-210,180,-1.5,Final/OT,6.5,-120
BOS,2023-02-24T03:00Z,401459514,SEA,2022,Boston Bruins,6,Seattle Kraken,5,-110,,,225,,,False,DraftKings,13,105,3,REG,155,-180,1.5,Final,6.0,-125
NSH,2023-02-24T03:30Z,401459513,SJ,2022,Nashville Predators,6,San Jose Sharks,2,130,,,160,,,False,DraftKings,13,-105,3,REG,200,-240,1.5,Final,6.0,-115
OTT,2023-02-25T00:00Z,401459519,CAR,2022,Ottawa Senators,0,Carolina Hurricanes,4,300,,,-150,,,False,DraftKings,13,-105,3,REG,-125,105,-1.5,Final,6.5,-115
BUF,2023-02-25T00:00Z,401459520,FLA,2022,Buffalo Sabres,3,Florida Panthers,1,235,,,-125,,,False,DraftKings,13,-120,3,REG,-140,120,-1.5,Final,7.0,100
MTL,2023-02-25T00:00Z,401459522,PHI,2022,Montreal Canadiens,5,Philadelphia Flyers,2,200,,,100,,,False,DraftKings,13,100,3,REG,-180,155,-1.5,Final,6.5,-120
MIN,2023-02-25T00:00Z,401459523,TOR,2022,Minnesota Wild,1,Toronto Maple Leafs,2,270,,,-135,,,False,DraftKings,13,-120,4,OT,-140,120,-1.5,Final/OT,6.0,100
LA,2023-02-25T00:30Z,401459521,NYI,2022,Los Angeles Kings,3,New York Islanders,2,175,,,120,,,False,DraftKings,13,-115,3,REG,-230,195,-1.5,Final,5.5,-105
COL,2023-02-25T01:00Z,401459524,WPG,2022,Colorado Avalanche,5,Winnipeg Jets,1,140,,,150,,,False,DraftKings,13,-120,3,REG,225,-265,1.5,Final,5.5,100
EDM,2023-02-25T17:30Z,401459527,CBJ,2022,Edmonton Oilers,5,Columbus Blue Jackets,6,-165,,,320,,,False,DraftKings,13,110,3,REG,-110,-110,1.5,Final,7.0,-130
NYR,2023-02-25T18:00Z,401459535,WSH,2022,New York Rangers,3,Washington Capitals,6,105,,,190,,,False,DraftKings,13,-110,3,REG,170,-200,1.5,Final,6.0,-110
PIT,2023-02-25T20:30Z,401459532,STL,2022,Pittsburgh Penguins,3,St. Louis Blues,2,-110,,,215,,,False,DraftKings,13,-110,4,OT,145,-170,1.5,Final/OT,6.5,-110
ANA,2023-02-26T00:00Z,401459525,CAR,2022,Anaheim Ducks,3,Carolina Hurricanes,2,600,,,-300,,,False,DraftKings,13,-110,3,REG,160,-190,-1.5,Final,6.5,-110
OTT,2023-02-26T00:00Z,401459529,MTL,2022,Ottawa Senators,5,Montreal Canadiens,2,-110,,,215,,,False,DraftKings,13,-115,3,REG,145,-170,1.5,Final,6.5,-105
PHI,2023-02-26T00:00Z,401459530,NJ,2022,Philadelphia Flyers,0,New Jersey Devils,7,390,,,-190,,,False,DraftKings,13,-115,3,REG,100,-120,-1.5,Final,6.0,-105
BOS,2023-02-26T00:00Z,401459533,VAN,2022,Boston Bruins,3,Vancouver Canucks,1,-170,,,340,,,False,DraftKings,13,-105,3,REG,-115,-105,1.5,Final,6.5,-115
TB,2023-02-26T01:00Z,401459528,DET,2022,Tampa Bay Lightning,3,Detroit Red Wings,0,-110,,,220,,,False,DraftKings,13,-120,3,REG,145,-170,1.5,Final,6.0,100
CGY,2023-02-26T03:00Z,401459526,COL,2022,Calgary Flames,1,Colorado Avalanche,4,155,,,130,,,False,DraftKings,13,105,3,REG,-245,205,-1.5,Final,6.5,-125
CHI,2023-02-26T03:00Z,401459531,SJ,2022,Chicago Blackhawks,4,San Jose Sharks,3,275,,,-135,,,False,DraftKings,13,-110,5,SO,-140,120,-1.5,Final/SO,6.0,-110
DAL,2023-02-26T03:00Z,401459534,VGK,2022,Dallas Stars,3,Vegas Golden Knights,2,160,,,130,,,False,DraftKings,13,-120,5,SO,-255,215,-1.5,Final/SO,5.5,100
WSH,2023-02-26T18:00Z,401459537,BUF,2022,Washington Capitals,4,Buffalo Sabres,7,150,,,130,,,False,DraftKings,12,-120,3,REG,-240,200,-1.5,Final,6.5,100
CBJ,2023-02-26T19:00Z,401459538,MIN,2022,Columbus Blue Jackets,2,Minnesota Wild,3,425,,,-205,,,False,DraftKings,12,-125,4,OT,105,-125,-1.5,Final/OT,5.5,105
NYI,2023-02-26T20:30Z,401459542,WPG,2022,New York Islanders,4,Winnipeg Jets,0,175,,,115,,,False,DraftKings,13,-120,3,REG,-225,190,-1.5,Final,5.5,100
LA,2023-02-26T22:00Z,401459539,NYR,2022,Los Angeles Kings,2,New York Rangers,5,205,,,100,,,False,DraftKings,13,-120,3,REG,-195,165,-1.5,Final,6.0,100
TB,2023-02-26T23:00Z,401459540,PIT,2022,Tampa Bay Lightning,3,Pittsburgh Penguins,7,145,,,135,,,False,DraftKings,13,-130,3,REG,220,-260,1.5,Final,6.5,110
NSH,2023-02-27T00:00Z,401459536,ARI,2022,Nashville Predators,6,Arizona Coyotes,2,-105,,,215,,,False,DraftKings,13,-105,3,REG,155,-180,1.5,Final,6.0,-115
TOR,2023-02-27T00:00Z,401459541,SEA,2022,Toronto Maple Leafs,5,Seattle Kraken,1,105,,,195,,,False,DraftKings,13,-110,3,REG,160,-190,1.5,Final,6.5,-110
DET,2023-02-28T00:00Z,401511870,OTT,2022,Detroit Red Wings,2,Ottawa Senators,6,160,,,120,,,False,DraftKings,13,-105,3,REG,-225,190,-1.5,Final,6.5,-115
VAN,2023-02-28T01:30Z,401459545,DAL,2022,Vancouver Canucks,5,Dallas Stars,4,360,,,-175,,,False,DraftKings,13,-115,4,OT,-110,-110,-1.5,Final/OT,6.0,-105
BOS,2023-02-28T01:30Z,401459546,EDM,2022,Boston Bruins,3,Edmonton Oilers,2,120,,,160,,,False,DraftKings,13,-125,3,REG,190,-225,1.5,Final,6.5,105
VGK,2023-02-28T02:00Z,401459544,COL,2022,Vegas Golden Knights,0,Colorado Avalanche,3,190,,,105,,,False,DraftKings,13,-105,3,REG,-205,175,-1.5,Final,6.0,-115
CHI,2023-02-28T03:00Z,401459543,ANA,2022,Chicago Blackhawks,2,Anaheim Ducks,4,170,,,120,,,False,DraftKings,13,-115,3,REG,-225,190,-1.5,Final,6.0,-105
DET,2023-03-01T00:00Z,401459552,OTT,2022,Detroit Red Wings,1,Ottawa Senators,6,170,,,120,,,False,DraftKings,12,-105,3,REG,-215,185,-1.5,Final,6.5,-115
FLA,2023-03-01T00:00Z,401459555,TB,2022,Florida Panthers,4,Tampa Bay Lightning,1,205,,,-105,,,False,DraftKings,13,-135,3,REG,-170,145,-1.5,Final,6.5,115
CBJ,2023-03-01T00:30Z,401459548,BUF,2022,Columbus Blue Jackets,5,Buffalo Sabres,3,265,,,-135,,,False,DraftKings,13,110,3,REG,-130,110,-1.5,Final,7.0,-130
NYI,2023-03-01T01:00Z,401459550,MIN,2022,New York Islanders,1,Minnesota Wild,2,195,,,110,,,False,DraftKings,13,120,5,SO,-225,190,-1.5,Final/SO,5.5,-140
PIT,2023-03-01T01:00Z,401459551,NSH,2022,Pittsburgh Penguins,3,Nashville Predators,1,115,,,180,,,False,DraftKings,13,-105,3,REG,180,-210,1.5,Final,6.0,-115
SEA,2023-03-01T01:00Z,401459554,STL,2022,Seattle Kraken,5,St. Louis Blues,3,105,,,195,,,False,DraftKings,13,-115,3,REG,175,-205,1.5,Final,6.0,-105
LA,2023-03-01T01:00Z,401459556,WPG,2022,Los Angeles Kings,6,Winnipeg Jets,5,185,,,110,,,False,DraftKings,13,260,5,SO,-210,180,-1.5,Final/SO,7.5,-375
CHI,2023-03-01T02:00Z,401459547,ARI,2022,Chicago Blackhawks,1,Arizona Coyotes,4,240,,,-115,,,False,DraftKings,13,-125,3,REG,-165,140,-1.5,Final,5.5,105
BOS,2023-03-01T02:00Z,401459549,CGY,2022,Boston Bruins,4,Calgary Flames,3,120,,,170,,,False,DraftKings,13,100,4,OT,195,-230,1.5,Final/OT,6.0,-120
MTL,2023-03-01T03:30Z,401459553,SJ,2022,Montreal Canadiens,3,San Jose Sharks,1,220,,,-105,,,False,DraftKings,13,-125,3,REG,-175,150,-1.5,Final,6.0,105
NYR,2023-03-02T00:30Z,401459561,PHI,2022,New York Rangers,3,Philadelphia Flyers,2,-150,,,310,,,False,DraftKings,13,-110,4,OT,105,-125,1.5,Final/OT,6.0,-110
TOR,2023-03-02T01:00Z,401459560,EDM,2022,Toronto Maple Leafs,2,Edmonton Oilers,5,135,,,145,,,False,DraftKings,13,100,3,REG,200,-240,1.5,Final,7.0,-120
ARI,2023-03-02T01:30Z,401459559,DAL,2022,Arizona Coyotes,2,Dallas Stars,4,550,,,-270,,,False,DraftKings,12,-125,3,REG,135,-155,-1.5,Final,5.5,105
NJ,2023-03-02T02:00Z,401459558,COL,2022,New Jersey Devils,7,Colorado Avalanche,5,145,,,140,,,False,DraftKings,13,-110,3,REG,-265,225,-1.5,Final,6.0,-110
WSH,2023-03-02T03:00Z,401459557,ANA,2022,Washington Capitals,3,Anaheim Ducks,2,-125,,,255,,,False,DraftKings,13,100,4,OT,125,-145,1.5,Final/OT,6.5,-120
CAR,2023-03-02T03:00Z,401459562,VGK,2022,Carolina Hurricanes,2,Vegas Golden Knights,3,105,,,195,,,False,DraftKings,13,105,3,REG,170,-200,1.5,Final,6.0,-125
BUF,2023-03-03T00:00Z,401459563,BOS,2022,Buffalo Sabres,1,Boston Bruins,7,350,,,-180,,,False,DraftKings,12,-125,3,REG,-105,-115,-1.5,Final,6.5,105
SEA,2023-03-03T00:00Z,401459566,DET,2022,Seattle Kraken,5,Detroit Red Wings,4,140,,,145,,,False,DraftKings,12,100,4,OT,215,-255,1.5,Final/OT,6.5,-120
NSH,2023-03-03T00:00Z,401459567,FLA,2022,Nashville Predators,2,Florida Panthers,1,250,,,-130,,,False,DraftKings,12,105,3,REG,-135,115,-1.5,Final,7.0,-125
OTT,2023-03-03T00:00Z,401459569,NYR,2022,Ottawa Senators,5,New York Rangers,3,210,,,-105,,,False,DraftKings,11,-125,3,REG,-170,145,-1.5,Final,6.5,105
PIT,2023-03-03T00:00Z,401459571,TB,2022,Pittsburgh Penguins,5,Tampa Bay Lightning,4,210,,,-105,,,False,DraftKings,12,-105,4,OT,-175,150,-1.5,Final/OT,6.5,-115
DAL,2023-03-03T01:30Z,401459565,CHI,2022,Dallas Stars,5,Chicago Blackhawks,2,-170,,,350,,,False,DraftKings,13,-115,3,REG,-110,-110,1.5,Final,6.0,-105
TOR,2023-03-03T02:00Z,401459564,CGY,2022,Toronto Maple Leafs,2,Calgary Flames,1,155,,,125,,,False,DraftKings,12,-120,3,REG,-230,195,-1.5,Final,6.5,100
MIN,2023-03-03T03:00Z,401459572,VAN,2022,Minnesota Wild,2,Vancouver Canucks,1,100,,,200,,,False,DraftKings,12,-115,3,REG,160,-190,1.5,Final,6.0,-105
MTL,2023-03-03T03:30Z,401459568,LA,2022,Montreal Canadiens,2,Los Angeles Kings,3,340,,,-165,,,False,DraftKings,13,-115,3,REG,-115,-105,-1.5,Final,6.0,-105
STL,2023-03-03T03:30Z,401459570,SJ,2022,St. Louis Blues,6,San Jose Sharks,3,155,,,130,,,False,DraftKings,13,-105,3,REG,-250,210,-1.5,Final,6.0,-115
SEA,2023-03-04T00:00Z,401459575,CBJ,2022,Seattle Kraken,4,Columbus Blue Jackets,2,-105,,,200,,,False,DraftKings,13,-120,3,REG,150,-175,1.5,Final,6.5,100
WPG,2023-03-04T02:00Z,401459576,EDM,2022,Winnipeg Jets,3,Edmonton Oilers,6,200,,,-105,,,False,DraftKings,11,230,3,REG,-175,150,-1.5,Final,8.0,-325
CAR,2023-03-04T02:30Z,401459574,ARI,2022,Carolina Hurricanes,6,Arizona Coyotes,1,-230,,,475,,,False,DraftKings,13,-105,3,REG,-140,120,1.5,Final,6.0,-115
MTL,2023-03-04T03:00Z,401459573,ANA,2022,Montreal Canadiens,2,Anaheim Ducks,3,165,,,120,,,False,DraftKings,13,-125,3,REG,-225,190,-1.5,Final,6.0,105
NJ,2023-03-04T03:00Z,401459577,VGK,2022,New Jersey Devils,3,Vegas Golden Knights,4,150,,,135,,,False,DraftKings,13,-120,5,SO,240,-285,1.5,Final/SO,6.0,100
DET,2023-03-04T17:30Z,401459585,NYI,2022,Detroit Red Wings,1,New York Islanders,4,250,,,-120,,,False,DraftKings,13,100,3,REG,-155,135,-1.5,Final,6.0,-120
TB,2023-03-04T17:30Z,401511690,BUF,2022,Tampa Bay Lightning,3,Buffalo Sabres,5,100,,,195,,,False,DraftKings,13,380,3,REG,150,-175,1.5,Final,9.0,-615
NYR,2023-03-04T18:00Z,401459578,BOS,2022,New York Rangers,2,Boston Bruins,4,225,,,-110,,,False,DraftKings,13,100,3,REG,-170,145,-1.5,Final,6.0,-120
COL,2023-03-04T20:30Z,401459582,DAL,2022,Colorado Avalanche,3,Dallas Stars,7,160,,,130,,,False,DraftKings,13,105,3,REG,-245,205,-1.5,Final,6.0,-125
PIT,2023-03-04T23:00Z,401459583,FLA,2022,Pittsburgh Penguins,1,Florida Panthers,4,175,,,110,,,False,DraftKings,12,105,3,REG,-200,170,-1.5,Final,7.0,-125
WSH,2023-03-04T23:00Z,401459587,SJ,2022,Washington Capitals,8,San Jose Sharks,3,105,,,190,,,False,DraftKings,13,-120,3,REG,170,-200,1.5,Final,6.0,100
CBJ,2023-03-05T00:00Z,401459586,OTT,2022,Columbus Blue Jackets,2,Ottawa Senators,5,340,,,-175,,,False,DraftKings,13,-120,3,REG,-105,-115,-1.5,Final,6.5,100
TOR,2023-03-05T00:00Z,401459588,VAN,2022,Toronto Maple Leafs,1,Vancouver Canucks,4,-130,,,250,,,False,DraftKings,13,-125,3,REG,120,-140,1.5,Final,6.5,105
EDM,2023-03-05T00:00Z,401459589,WPG,2022,Edmonton Oilers,5,Winnipeg Jets,7,135,,,145,,,False,DraftKings,13,-135,3,REG,210,-250,1.5,Final,6.5,115
NSH,2023-03-05T01:00Z,401459581,CHI,2022,Nashville Predators,3,Chicago Blackhawks,1,-145,,,300,,,False,DraftKings,13,-105,3,REG,115,-135,1.5,Final,5.5,-115
MIN,2023-03-05T03:00Z,401459580,CGY,2022,Minnesota Wild,3,Calgary Flames,0,210,,,100,,,False,DraftKings,13,-110,3,REG,-195,165,-1.5,Final,5.5,-110
STL,2023-03-05T03:30Z,401459584,LA,2022,St. Louis Blues,2,Los Angeles Kings,4,260,,,-130,,,False,DraftKings,13,100,3,REG,-145,125,-1.5,Final,6.5,-120
TB,2023-03-05T20:00Z,401459591,CAR,2022,Tampa Bay Lightning,0,Carolina Hurricanes,6,215,,,-105,,,False,DraftKings,13,-105,3,REG,-175,150,-1.5,Final,6.0,-115
DET,2023-03-05T23:00Z,401459593,PHI,2022,Detroit Red Wings,1,Philadelphia Flyers,3,170,,,120,,,False,DraftKings,13,100,3,REG,-230,195,-1.5,Final,6.0,-120
MTL,2023-03-05T23:00Z,401459594,VGK,2022,Montreal Canadiens,3,Vegas Golden Knights,4,330,,,-165,,,False,DraftKings,13,-125,3,REG,-115,-105,-1.5,Final,6.0,105
NJ,2023-03-06T00:00Z,401459590,ARI,2022,New Jersey Devils,5,Arizona Coyotes,4,-225,,,450,,,False,DraftKings,13,-105,4,OT,-140,120,1.5,Final/OT,6.5,-115
SEA,2023-03-06T02:00Z,401459592,COL,2022,Seattle Kraken,3,Colorado Avalanche,2,205,,,100,,,False,DraftKings,13,-130,4,OT,-170,145,-1.5,Final/OT,6.0,110
EDM,2023-03-07T00:30Z,401459595,BUF,2022,Edmonton Oilers,3,Buffalo Sabres,2,100,,,185,,,False,DraftKings,13,105,3,REG,150,-175,1.5,Final,7.5,-125
SJ,2023-03-07T00:30Z,401459600,WPG,2022,San Jose Sharks,3,Winnipeg Jets,2,275,,,-135,,,False,DraftKings,12,100,4,OT,-135,115,-1.5,Final/OT,6.5,-120
CGY,2023-03-07T01:30Z,401459597,DAL,2022,Calgary Flames,5,Dallas Stars,4,180,,,115,,,False,DraftKings,13,-120,3,REG,-215,185,-1.5,Final,5.5,100
OTT,2023-03-07T02:00Z,401459596,CHI,2022,Ottawa Senators,0,Chicago Blackhawks,5,-170,,,340,,,False,DraftKings,13,-120,3,REG,-110,-110,1.5,Final,6.0,100
WSH,2023-03-07T03:30Z,401459598,LA,2022,Washington Capitals,2,Los Angeles Kings,4,185,,,105,,,False,DraftKings,13,-105,3,REG,-200,170,-1.5,Final,6.5,-115
NSH,2023-03-07T03:30Z,401459599,VAN,2022,Nashville Predators,3,Vancouver Canucks,4,135,,,150,,,False,DraftKings,13,105,5,SO,215,-255,1.5,Final/SO,6.5,-125
VGK,2023-03-08T00:00Z,401459603,FLA,2022,Vegas Golden Knights,1,Florida Panthers,2,205,,,-105,,,False,DraftKings,13,-130,3,REG,-170,145,-1.5,Final,6.5,110
CAR,2023-03-08T00:00Z,401459605,MTL,2022,Carolina Hurricanes,4,Montreal Canadiens,3,-220,,,450,,,False,DraftKings,13,-115,5,SO,-140,120,1.5,Final/SO,6.0,-105
TOR,2023-03-08T00:00Z,401459607,NJ,2022,Toronto Maple Leafs,4,New Jersey Devils,3,165,,,120,,,False,DraftKings,13,-110,3,REG,-225,190,-1.5,Final,6.5,-110
CBJ,2023-03-08T00:00Z,401459608,PIT,2022,Columbus Blue Jackets,4,Pittsburgh Penguins,5,425,,,-215,,,False,DraftKings,13,-120,4,OT,110,-130,-1.5,Final/OT,6.5,100
PHI,2023-03-08T00:00Z,401459610,TB,2022,Philadelphia Flyers,2,Tampa Bay Lightning,5,370,,,-180,,,False,DraftKings,13,-115,3,REG,-105,-115,-1.5,Final,6.0,-105
BUF,2023-03-08T00:30Z,401459606,NYI,2022,Buffalo Sabres,2,New York Islanders,3,210,,,-105,,,False,DraftKings,12,100,3,REG,-175,150,-1.5,Final,6.5,-120
CGY,2023-03-08T01:00Z,401459604,MIN,2022,Calgary Flames,1,Minnesota Wild,0,190,,,110,,,False,DraftKings,13,-115,5,SO,-200,170,-1.5,Final/SO,5.5,-105
STL,2023-03-08T02:00Z,401459601,ARI,2022,St. Louis Blues,2,Arizona Coyotes,6,115,,,180,,,False,DraftKings,12,-120,3,REG,185,-215,1.5,Final,6.0,100
SJ,2023-03-08T02:00Z,401459602,COL,2022,San Jose Sharks,0,Colorado Avalanche,6,450,,,-230,,,False,DraftKings,13,-105,3,REG,120,-140,-1.5,Final,6.5,-115
ANA,2023-03-08T03:00Z,401459609,SEA,2022,Anaheim Ducks,2,Seattle Kraken,5,400,,,-200,,,False,DraftKings,13,100,3,REG,105,-125,-1.5,Final,6.5,-120
CHI,2023-03-09T00:30Z,401459611,DET,2022,Chicago Blackhawks,3,Detroit Red Wings,4,310,,,-150,,,False,DraftKings,13,-105,3,REG,-130,110,-1.5,Final,5.5,-115
MIN,2023-03-09T00:30Z,401459613,WPG,2022,Minnesota Wild,4,Winnipeg Jets,2,175,,,120,,,False,DraftKings,13,-120,3,REG,-225,190,-1.5,Final,5.5,100
ANA,2023-03-09T03:00Z,401459612,VAN,2022,Anaheim Ducks,2,Vancouver Canucks,3,285,,,-145,,,False,DraftKings,12,-130,4,OT,-125,105,-1.5,Final/OT,6.5,110
DAL,2023-03-10T00:00Z,401459616,BUF,2022,Dallas Stars,10,Buffalo Sabres,4,-105,,,205,,,False,DraftKings,14,-115,3,REG,150,-175,1.5,Final,6.5,-105
PHI,2023-03-10T00:00Z,401459617,CAR,2022,Philadelphia Flyers,0,Carolina Hurricanes,1,500,,,-245,,,False,DraftKings,14,-125,3,REG,130,-150,-1.5,Final,6.0,105
NYR,2023-03-10T00:00Z,401459619,MTL,2022,New York Rangers,4,Montreal Canadiens,3,-180,,,360,,,False,DraftKings,14,100,5,SO,-110,-110,1.5,Final/SO,6.5,-120
NYI,2023-03-10T00:00Z,401459620,PIT,2022,New York Islanders,4,Pittsburgh Penguins,3,185,,,110,,,False,DraftKings,13,100,4,OT,-205,175,-1.5,Final/OT,6.0,-120
VGK,2023-03-10T00:00Z,401459623,TB,2022,Vegas Golden Knights,4,Tampa Bay Lightning,3,205,,,-105,,,False,DraftKings,14,-120,4,OT,-180,155,-1.5,Final/OT,6.0,100
NJ,2023-03-10T00:00Z,401459624,WSH,2022,New Jersey Devils,3,Washington Capitals,2,110,,,185,,,False,DraftKings,14,-120,5,SO,165,-195,1.5,Final/SO,6.5,100
EDM,2023-03-10T00:30Z,401459615,BOS,2022,Edmonton Oilers,3,Boston Bruins,2,195,,,100,,,False,DraftKings,14,-125,3,REG,-180,155,-1.5,Final,6.5,105
SJ,2023-03-10T01:00Z,401459622,STL,2022,San Jose Sharks,2,St. Louis Blues,4,195,,,105,,,False,DraftKings,14,-125,3,REG,-195,165,-1.5,Final,6.0,105
NSH,2023-03-10T02:00Z,401459614,ARI,2022,Nashville Predators,1,Arizona Coyotes,4,-110,,,225,,,False,DraftKings,14,-110,3,REG,145,-170,1.5,Final,6.0,-110
LA,2023-03-10T02:00Z,401459618,COL,2022,Los Angeles Kings,5,Colorado Avalanche,2,210,,,-105,,,False,DraftKings,14,340,3,REG,-175,150,-1.5,Final,8.5,-525
OTT,2023-03-10T03:00Z,401459621,SEA,2022,Ottawa Senators,5,Seattle Kraken,4,165,,,120,,,False,DraftKings,14,-115,3,REG,-225,190,-1.5,Final,6.5,-105
CHI,2023-03-11T00:00Z,401459626,FLA,2022,Chicago Blackhawks,3,Florida Panthers,4,600,,,-310,,,False,DraftKings,14,-110,4,OT,165,-195,-1.5,Final/OT,6.5,-110
ANA,2023-03-11T02:00Z,401459625,CGY,2022,Anaheim Ducks,3,Calgary Flames,1,550,,,-270,,,False,DraftKings,14,-120,3,REG,140,-165,-1.5,Final,6.0,100
DET,2023-03-11T18:00Z,401459627,BOS,2022,Detroit Red Wings,2,Boston Bruins,3,500,,,-260,,,False,DraftKings,14,-120,3,REG,140,-165,-1.5,Final,6.0,100
PHI,2023-03-11T20:30Z,401459636,PIT,2022,Philadelphia Flyers,1,Pittsburgh Penguins,5,340,,,-170,,,False,DraftKings,14,320,3,REG,-110,-110,-1.5,Final,8.5,-485
NYR,2023-03-11T22:00Z,401459628,BUF,2022,New York Rangers,2,Buffalo Sabres,1,100,,,200,,,False,DraftKings,14,-130,4,OT,145,-170,1.5,Final/OT,6.5,110
ARI,2023-03-11T23:00Z,401459630,COL,2022,Arizona Coyotes,2,Colorado Avalanche,3,600,,,-300,,,False,DraftKings,14,-105,4,OT,160,-190,-1.5,Final/OT,6.5,-115
VGK,2023-03-12T00:00Z,401459629,CAR,2022,Vegas Golden Knights,4,Carolina Hurricanes,0,285,,,-140,,,False,DraftKings,14,-110,3,REG,-130,110,-1.5,Final,6.0,-110
STL,2023-03-12T00:00Z,401459631,CBJ,2022,St. Louis Blues,5,Columbus Blue Jackets,2,125,,,155,,,False,DraftKings,14,110,3,REG,190,-225,1.5,Final,7.0,-130
WPG,2023-03-12T00:00Z,401459632,FLA,2022,Winnipeg Jets,5,Florida Panthers,4,165,,,120,,,False,DraftKings,14,-115,4,OT,-225,190,-1.5,Final/OT,6.5,-105
NJ,2023-03-12T00:00Z,401459634,MTL,2022,New Jersey Devils,3,Montreal Canadiens,1,-175,,,350,,,False,DraftKings,13,-125,3,REG,-115,-105,1.5,Final,6.5,105
CHI,2023-03-12T00:00Z,401459639,TB,2022,Chicago Blackhawks,1,Tampa Bay Lightning,3,650,,,-320,,,False,DraftKings,14,-110,3,REG,155,-180,-1.5,Final,6.5,-110
EDM,2023-03-12T00:00Z,401459640,TOR,2022,Edmonton Oilers,4,Toronto Maple Leafs,7,165,,,115,,,False,DraftKings,14,110,3,REG,-210,180,-1.5,Final,7.0,-130
WSH,2023-03-12T00:30Z,401459635,NYI,2022,Washington Capitals,5,New York Islanders,1,175,,,115,,,False,DraftKings,13,-120,3,REG,-225,190,-1.5,Final,5.5,100
DAL,2023-03-12T03:00Z,401459638,SEA,2022,Dallas Stars,4,Seattle Kraken,3,130,,,155,,,False,DraftKings,14,100,4,OT,200,-240,1.5,Final/OT,6.5,-120
OTT,2023-03-12T03:00Z,401459641,VAN,2022,Ottawa Senators,2,Vancouver Canucks,5,130,,,150,,,False,DraftKings,14,265,3,REG,195,-230,1.5,Final,8.5,-385
NSH,2023-03-12T03:30Z,401459633,LA,2022,Nashville Predators,2,Los Angeles Kings,1,235,,,-115,,,False,DraftKings,14,-105,5,SO,-155,135,-1.5,Final/SO,6.0,-115
MIN,2023-03-12T03:30Z,401459637,SJ,2022,Minnesota Wild,5,San Jose Sharks,2,-110,,,225,,,False,DraftKings,14,100,3,REG,145,-170,1.5,Final,6.0,-120
BOS,2023-03-12T17:30Z,401459645,DET,2022,Boston Bruins,3,Detroit Red Wings,5,-145,,,300,,,False,DraftKings,14,-110,3,REG,100,-120,1.5,Final,6.0,-110
NYR,2023-03-12T20:00Z,401459647,PIT,2022,New York Rangers,2,Pittsburgh Penguins,3,165,,,120,,,False,DraftKings,13,-115,4,OT,-225,190,-1.5,Final/OT,6.5,-105
CAR,2023-03-12T23:00Z,401459646,NJ,2022,Carolina Hurricanes,0,New Jersey Devils,3,145,,,140,,,False,DraftKings,14,-120,3,REG,230,-275,1.5,Final,6.0,100
VGK,2023-03-12T23:00Z,401459648,STL,2022,Vegas Golden Knights,5,St. Louis Blues,3,105,,,185,,,False,DraftKings,14,-120,3,REG,165,-195,1.5,Final,6.5,100
WPG,2023-03-12T23:00Z,401459649,TB,2022,Winnipeg Jets,3,Tampa Bay Lightning,2,225,,,-110,,,False,DraftKings,14,-115,3,REG,-155,135,-1.5,Final,6.0,-105
OTT,2023-03-13T01:00Z,401459644,CGY,2022,Ottawa Senators,1,Calgary Flames,5,235,,,-120,,,False,DraftKings,14,-105,3,REG,-150,130,-1.5,Final,6.5,-115
NSH,2023-03-13T01:30Z,401459642,ANA,2022,Nashville Predators,5,Anaheim Ducks,4,105,,,200,,,False,DraftKings,14,-120,4,OT,165,-195,1.5,Final/OT,5.5,100
MIN,2023-03-13T01:30Z,401459643,ARI,2022,Minnesota Wild,4,Arizona Coyotes,5,-125,,,265,,,False,DraftKings,13,-115,4,OT,130,-150,1.5,Final/OT,5.5,-105
COL,2023-03-13T23:30Z,401459650,MTL,2022,Colorado Avalanche,8,Montreal Canadiens,4,-165,,,330,,,False,DraftKings,14,-110,3,REG,-105,-115,1.5,Final,6.5,-110
BUF,2023-03-13T23:30Z,401459652,TOR,2022,Buffalo Sabres,4,Toronto Maple Leafs,3,280,,,-145,,,False,DraftKings,14,100,3,REG,-125,105,-1.5,Final,7.0,-120
DAL,2023-03-14T02:00Z,401459651,SEA,2022,Dallas Stars,5,Seattle Kraken,2,125,,,160,,,False,DraftKings,14,100,3,REG,195,-230,1.5,Final,6.5,-120
WPG,2023-03-14T23:00Z,401459654,CAR,2022,Winnipeg Jets,3,Carolina Hurricanes,5,295,,,-145,,,False,DraftKings,13,-105,3,REG,-130,110,-1.5,Final,6.0,-115
WSH,2023-03-14T23:00Z,401459658,NYR,2022,Washington Capitals,3,New York Rangers,5,240,,,-120,,,False,DraftKings,13,-105,3,REG,-155,135,-1.5,Final,6.0,-115
TB,2023-03-14T23:00Z,401459660,NJ,2022,Tampa Bay Lightning,4,New Jersey Devils,1,185,,,105,,,False,DraftKings,13,-110,3,REG,-190,160,-1.5,Final,6.5,-110
VGK,2023-03-14T23:00Z,401459661,PHI,2022,Vegas Golden Knights,5,Philadelphia Flyers,3,-115,,,235,,,False,DraftKings,13,-115,3,REG,135,-155,1.5,Final,6.0,-105
MTL,2023-03-14T23:00Z,401459662,PIT,2022,Montreal Canadiens,6,Pittsburgh Penguins,4,450,,,-235,,,False,DraftKings,13,-120,3,REG,130,-150,-1.5,Final,6.5,100
DET,2023-03-15T00:00Z,401459659,NSH,2022,Detroit Red Wings,1,Nashville Predators,2,200,,,100,,,False,DraftKings,13,-125,3,REG,-200,170,-1.5,Final,5.5,105
BOS,2023-03-15T00:30Z,401459655,CHI,2022,Boston Bruins,3,Chicago Blackhawks,6,-285,,,600,,,False,DraftKings,13,105,3,REG,-175,150,1.5,Final,6.0,-125
OTT,2023-03-15T01:00Z,401459656,EDM,2022,Ottawa Senators,3,Edmonton Oilers,6,265,,,-140,,,False,DraftKings,12,-110,3,REG,-125,105,-1.5,Final,7.0,-110
CGY,2023-03-15T02:00Z,401459653,ARI,2022,Calgary Flames,3,Arizona Coyotes,4,-160,,,330,,,False,DraftKings,13,350,4,OT,-110,-110,1.5,Final/OT,8.0,-550
DAL,2023-03-15T02:00Z,401459664,VAN,2022,Dallas Stars,2,Vancouver Canucks,5,115,,,170,,,False,DraftKings,13,-110,3,REG,180,-210,1.5,Final,6.5,-110
NYI,2023-03-15T02:30Z,401459657,LA,2022,New York Islanders,2,Los Angeles Kings,5,175,,,120,,,False,DraftKings,13,-105,3,REG,-230,195,-1.5,Final,5.5,-115
CBJ,2023-03-15T02:30Z,401459663,SJ,2022,Columbus Blue Jackets,6,San Jose Sharks,5,180,,,110,,,False,DraftKings,12,-115,4,OT,-200,170,-1.5,Final/OT,6.5,-105
COL,2023-03-15T23:00Z,401459667,TOR,2022,Colorado Avalanche,2,Toronto Maple Leafs,1,175,,,115,,,False,DraftKings,13,-110,5,SO,-200,170,-1.5,Final/SO,6.5,-110
BUF,2023-03-15T23:00Z,401459668,WSH,2022,Buffalo Sabres,4,Washington Capitals,5,150,,,130,,,False,DraftKings,11,110,5,SO,-230,195,-1.5,Final/SO,7.0,-130
MIN,2023-03-16T01:30Z,401459666,STL,2022,Minnesota Wild,8,St. Louis Blues,5,110,,,185,,,False,DraftKings,13,-125,3,REG,180,-210,1.5,Final,5.5,105
NYI,2023-03-16T02:00Z,401459665,ANA,2022,New York Islanders,6,Anaheim Ducks,3,-125,,,260,,,False,DraftKings,12,-120,3,REG,130,-150,1.5,Final,5.5,100
MTL,2023-03-16T23:00Z,401459671,FLA,2022,Montreal Canadiens,5,Florida Panthers,9,425,,,-215,,,False,DraftKings,13,-140,3,REG,125,-145,-1.5,Final,6.5,120
PIT,2023-03-16T23:00Z,401459673,NYR,2022,Pittsburgh Penguins,2,New York Rangers,4,185,,,110,,,False,DraftKings,13,-105,3,REG,-205,175,-1.5,Final,6.5,-115
TB,2023-03-16T23:00Z,401459675,NJ,2022,Tampa Bay Lightning,4,New Jersey Devils,3,160,,,125,,,False,DraftKings,13,-120,5,SO,-225,190,-1.5,Final/SO,6.5,100
COL,2023-03-16T23:00Z,401459676,OTT,2022,Colorado Avalanche,5,Ottawa Senators,4,125,,,150,,,False,DraftKings,12,-135,3,REG,195,-230,1.5,Final,6.5,115
CHI,2023-03-17T00:00Z,401459674,NSH,2022,Chicago Blackhawks,2,Nashville Predators,1,340,,,-165,,,False,DraftKings,13,-120,3,REG,-120,100,-1.5,Final,5.5,100
BOS,2023-03-17T00:00Z,401459679,WPG,2022,Boston Bruins,3,Winnipeg Jets,0,115,,,180,,,False,DraftKings,13,-115,3,REG,175,-205,1.5,Final,6.0,-105
DAL,2023-03-17T01:00Z,401459670,EDM,2022,Dallas Stars,1,Edmonton Oilers,4,185,,,105,,,False,DraftKings,13,-130,3,REG,-190,160,-1.5,Final,6.5,110
VAN,2023-03-17T02:00Z,401459669,ARI,2022,Vancouver Canucks,2,Arizona Coyotes,3,105,,,185,,,False,DraftKings,13,-115,3,REG,165,-195,1.5,Final,6.5,-105
CGY,2023-03-17T02:00Z,401459678,VGK,2022,Calgary Flames,7,Vegas Golden Knights,2,140,,,145,,,False,DraftKings,13,105,3,REG,-265,225,-1.5,Final,6.5,-125
CBJ,2023-03-17T02:30Z,401459672,LA,2022,Columbus Blue Jackets,1,Los Angeles Kings,4,380,,,-190,,,False,DraftKings,13,-120,3,REG,100,-120,-1.5,Final,6.5,100
SEA,2023-03-17T02:30Z,401459677,SJ,2022,Seattle Kraken,2,San Jose Sharks,1,-105,,,210,,,False,DraftKings,13,-120,4,OT,145,-170,1.5,Final/OT,6.5,100
BUF,2023-03-17T23:00Z,401459681,PHI,2022,Buffalo Sabres,2,Philadelphia Flyers,5,115,,,170,,,False,DraftKings,13,-115,3,REG,180,-210,1.5,Final,6.5,-105
CAR,2023-03-17T23:00Z,401459682,TOR,2022,Carolina Hurricanes,2,Toronto Maple Leafs,5,160,,,125,,,False,DraftKings,13,370,3,REG,-240,200,-1.5,Final,8.5,-600
STL,2023-03-17T23:00Z,401459683,WSH,2022,St. Louis Blues,5,Washington Capitals,2,220,,,-110,,,False,DraftKings,12,-135,3,REG,-155,135,-1.5,Final,6.5,115
CBJ,2023-03-18T02:00Z,401459680,ANA,2022,Columbus Blue Jackets,4,Anaheim Ducks,7,145,,,135,,,False,DraftKings,14,115,3,REG,-240,200,-1.5,Final,7.0,-135
COL,2023-03-18T17:00Z,401459686,DET,2022,Colorado Avalanche,5,Detroit Red Wings,1,-110,,,225,,,False,DraftKings,13,-115,3,REG,140,-165,1.5,Final,6.0,-105
BOS,2023-03-18T18:00Z,401459689,MIN,2022,Boston Bruins,5,Minnesota Wild,2,100,,,210,,,False,DraftKings,14,-105,3,REG,165,-195,1.5,Final,5.5,-115
WPG,2023-03-18T18:00Z,401459691,NSH,2022,Winnipeg Jets,3,Nashville Predators,2,110,,,185,,,False,DraftKings,14,-110,4,OT,185,-215,1.5,Final/OT,5.5,-110
EDM,2023-03-18T20:00Z,401459695,SEA,2022,Edmonton Oilers,6,Seattle Kraken,4,110,,,175,,,False,DraftKings,13,110,3,REG,170,-200,1.5,Final,7.0,-130
CAR,2023-03-18T21:00Z,401459693,PHI,2022,Carolina Hurricanes,5,Philadelphia Flyers,4,-155,,,310,,,False,DraftKings,13,-120,4,OT,-105,-115,1.5,Final/OT,6.0,100
NJ,2023-03-18T22:00Z,401459687,FLA,2022,New Jersey Devils,2,Florida Panthers,4,145,,,130,,,False,DraftKings,14,105,3,REG,-230,195,-1.5,Final,7.0,-125
TOR,2023-03-18T23:00Z,401459692,OTT,2022,Toronto Maple Leafs,5,Ottawa Senators,4,115,,,170,,,False,DraftKings,13,-130,5,SO,180,-210,1.5,Final/SO,6.5,110
MTL,2023-03-18T23:00Z,401459696,TB,2022,Montreal Canadiens,3,Tampa Bay Lightning,5,360,,,-185,,,False,DraftKings,14,-130,3,REG,100,-120,-1.5,Final,6.5,110
PIT,2023-03-19T00:00Z,401459690,NYR,2022,Pittsburgh Penguins,0,New York Rangers,6,175,,,110,,,False,DraftKings,13,-105,3,REG,-195,165,-1.5,Final,6.5,-115
DAL,2023-03-19T02:00Z,401459685,CGY,2022,Dallas Stars,6,Calgary Flames,5,170,,,120,,,False,DraftKings,14,-110,4,OT,-230,195,-1.5,Final/OT,6.0,-110
VAN,2023-03-19T02:00Z,401459688,LA,2022,Vancouver Canucks,3,Los Angeles Kings,2,250,,,-125,,,False,DraftKings,14,100,5,SO,-150,130,-1.5,Final/SO,6.5,-120
CHI,2023-03-19T02:30Z,401459684,ARI,2022,Chicago Blackhawks,2,Arizona Coyotes,4,190,,,110,,,False,DraftKings,14,100,3,REG,-205,175,-1.5,Final,6.0,-120
NYI,2023-03-19T02:30Z,401459694,SJ,2022,New York Islanders,4,San Jose Sharks,1,-120,,,245,,,False,DraftKings,14,105,3,REG,130,-150,1.5,Final,6.0,-125
BOS,2023-03-19T17:00Z,401459698,BUF,2022,Boston Bruins,7,Buffalo Sabres,0,-110,,,210,,,False,DraftKings,13,-125,3,REG,140,-165,1.5,Final,6.5,105
WSH,2023-03-19T18:00Z,401459699,MIN,2022,Washington Capitals,3,Minnesota Wild,5,185,,,110,,,False,DraftKings,14,-105,3,REG,-205,175,-1.5,Final,6.0,-115
CBJ,2023-03-19T20:00Z,401459703,VGK,2022,Columbus Blue Jackets,2,Vegas Golden Knights,7,425,,,-210,,,False,DraftKings,14,-115,3,REG,115,-135,-1.5,Final,6.5,-105
NSH,2023-03-19T23:00Z,401459700,NYR,2022,Nashville Predators,0,New York Rangers,7,295,,,-145,,,False,DraftKings,13,-105,3,REG,-125,105,-1.5,Final,6.0,-115
WPG,2023-03-19T23:00Z,401459701,STL,2022,Winnipeg Jets,0,St. Louis Blues,3,115,,,175,,,False,DraftKings,13,-110,3,REG,175,-205,1.5,Final,6.5,-110
NJ,2023-03-19T23:00Z,401459702,TB,2022,New Jersey Devils,5,Tampa Bay Lightning,2,165,,,120,,,False,DraftKings,14,-105,3,REG,-225,190,-1.5,Final,6.5,-115
VAN,2023-03-20T00:00Z,401459697,ANA,2022,Vancouver Canucks,2,Anaheim Ducks,1,115,,,165,,,False,DraftKings,14,110,3,REG,175,-205,1.5,Final,7.0,-130
FLA,2023-03-20T23:00Z,401459705,DET,2022,Florida Panthers,5,Detroit Red Wings,2,-130,,,255,,,False,DraftKings,14,-140,3,REG,120,-140,1.5,Final,6.5,120
OTT,2023-03-20T23:00Z,401459708,PIT,2022,Ottawa Senators,2,Pittsburgh Penguins,1,210,,,-110,,,False,DraftKings,14,110,3,REG,-165,140,-1.5,Final,7.0,-130
CHI,2023-03-21T01:00Z,401459704,COL,2022,Chicago Blackhawks,0,Colorado Avalanche,5,550,,,-275,,,False,DraftKings,14,-110,3,REG,140,-165,-1.5,Final,6.0,-110
SJ,2023-03-21T01:30Z,401459706,EDM,2022,San Jose Sharks,4,Edmonton Oilers,5,425,,,-220,,,False,DraftKings,14,100,4,OT,125,-145,-1.5,Final/OT,7.0,-120
CGY,2023-03-21T02:30Z,401459707,LA,2022,Calgary Flames,2,Los Angeles Kings,8,145,,,135,,,False,DraftKings,13,-125,3,REG,-260,220,-1.5,Final,6.0,105
OTT,2023-03-21T23:00Z,401459710,BOS,2022,Ottawa Senators,1,Boston Bruins,2,380,,,-190,,,False,DraftKings,14,-110,3,REG,105,-125,-1.5,Final,6.5,-110
NSH,2023-03-21T23:00Z,401459711,BUF,2022,Nashville Predators,7,Buffalo Sabres,3,195,,,100,,,False,DraftKings,14,-125,3,REG,-180,155,-1.5,Final,6.5,105
TB,2023-03-21T23:00Z,401459713,MTL,2022,Tampa Bay Lightning,2,Montreal Canadiens,3,-160,,,320,,,False,DraftKings,14,-115,3,REG,-105,-115,1.5,Final,6.5,-105
CAR,2023-03-21T23:00Z,401459715,NYR,2022,Carolina Hurricanes,3,New York Rangers,2,150,,,135,,,False,DraftKings,14,-110,3,REG,-250,210,-1.5,Final,6.0,-110
MIN,2023-03-21T23:00Z,401459716,NJ,2022,Minnesota Wild,2,New Jersey Devils,1,235,,,-115,,,False,DraftKings,14,-110,4,OT,-165,140,-1.5,Final/OT,6.0,-110
FLA,2023-03-21T23:00Z,401459717,PHI,2022,Florida Panthers,3,Philadelphia Flyers,6,105,,,190,,,False,DraftKings,14,-125,3,REG,160,-190,1.5,Final,6.5,105
CBJ,2023-03-21T23:00Z,401459720,WSH,2022,Columbus Blue Jackets,7,Washington Capitals,6,310,,,-155,,,False,DraftKings,14,-120,4,OT,-120,100,-1.5,Final/OT,6.5,100
TOR,2023-03-21T23:30Z,401459714,NYI,2022,Toronto Maple Leafs,2,New York Islanders,7,125,,,165,,,False,DraftKings,14,125,3,REG,200,-240,1.5,Final,6.5,-165
DET,2023-03-22T00:00Z,401459718,STL,2022,Detroit Red Wings,3,St. Louis Blues,2,180,,,110,,,False,DraftKings,14,-125,5,SO,-200,170,-1.5,Final/SO,6.5,105
ARI,2023-03-22T00:00Z,401459721,WPG,2022,Arizona Coyotes,1,Winnipeg Jets,2,380,,,-190,,,False,DraftKings,14,100,3,REG,100,-120,-1.5,Final,6.5,-120
SEA,2023-03-22T00:30Z,401459712,DAL,2022,Seattle Kraken,5,Dallas Stars,4,210,,,-105,,,False,DraftKings,14,-115,4,OT,-175,150,-1.5,Final/OT,6.5,-105
CGY,2023-03-22T02:00Z,401459709,ANA,2022,Calgary Flames,5,Anaheim Ducks,1,-135,,,270,,,False,DraftKings,13,-115,3,REG,115,-135,1.5,Final,6.5,-105
VGK,2023-03-22T02:00Z,401459719,VAN,2022,Vegas Golden Knights,4,Vancouver Canucks,3,115,,,170,,,False,DraftKings,14,-125,3,REG,175,-205,1.5,Final,6.5,105
PIT,2023-03-23T00:00Z,401459722,COL,2022,Pittsburgh Penguins,5,Colorado Avalanche,2,195,,,100,,,False,DraftKings,13,-105,3,REG,-190,160,-1.5,Final,6.5,-115
ARI,2023-03-23T02:30Z,401459723,EDM,2022,Arizona Coyotes,3,Edmonton Oilers,4,550,,,-285,,,False,DraftKings,13,100,4,OT,160,-190,-1.5,Final/OT,7.0,-120
MIN,2023-03-23T22:30Z,401459733,PHI,2022,Minnesota Wild,4,Philadelphia Flyers,5,100,,,205,,,False,DraftKings,14,-120,5,SO,160,-190,1.5,Final/SO,5.5,100
MTL,2023-03-23T23:00Z,401459725,BOS,2022,Montreal Canadiens,2,Boston Bruins,4,500,,,-245,,,False,DraftKings,14,-115,3,REG,130,-150,-1.5,Final,6.5,-105
NYR,2023-03-23T23:00Z,401459727,CAR,2022,New York Rangers,2,Carolina Hurricanes,1,190,,,105,,,False,DraftKings,14,-120,3,REG,-205,175,-1.5,Final,5.5,100
STL,2023-03-23T23:00Z,401459729,DET,2022,St. Louis Blues,4,Detroit Red Wings,3,165,,,120,,,False,DraftKings,14,100,3,REG,-225,190,-1.5,Final,6.5,-120
TOR,2023-03-23T23:00Z,401459730,FLA,2022,Toronto Maple Leafs,6,Florida Panthers,2,175,,,110,,,False,DraftKings,14,100,3,REG,-200,170,-1.5,Final,7.0,-120
TB,2023-03-23T23:00Z,401459732,OTT,2022,Tampa Bay Lightning,2,Ottawa Senators,7,120,,,165,,,False,DraftKings,14,-135,3,REG,185,-215,1.5,Final,6.5,115
CHI,2023-03-23T23:00Z,401459735,WSH,2022,Chicago Blackhawks,1,Washington Capitals,6,380,,,-185,,,False,DraftKings,14,400,3,REG,-105,-115,-1.5,Final,8.5,-650
SEA,2023-03-24T00:00Z,401459731,NSH,2022,Seattle Kraken,1,Nashville Predators,2,125,,,155,,,False,DraftKings,14,100,5,SO,190,-225,1.5,Final/SO,6.5,-120
VGK,2023-03-24T01:00Z,401459726,CGY,2022,Vegas Golden Knights,3,Calgary Flames,2,180,,,110,,,False,DraftKings,13,100,3,REG,-205,175,-1.5,Final,6.5,-120
PIT,2023-03-24T01:00Z,401459728,DAL,2022,Pittsburgh Penguins,2,Dallas Stars,3,200,,,100,,,False,DraftKings,12,-105,3,REG,-180,155,-1.5,Final,6.5,-115
WPG,2023-03-24T02:00Z,401459724,ANA,2022,Winnipeg Jets,3,Anaheim Ducks,2,-165,,,340,,,False,DraftKings,14,-120,3,REG,-105,-115,1.5,Final,6.0,100
SJ,2023-03-24T02:00Z,401459734,VAN,2022,San Jose Sharks,2,Vancouver Canucks,7,210,,,-110,,,False,DraftKings,13,115,3,REG,-165,140,-1.5,Final,7.0,-135
NJ,2023-03-24T23:00Z,401459736,BUF,2022,New Jersey Devils,4,Buffalo Sabres,5,-110,,,210,,,False,DraftKings,14,100,3,REG,140,-165,1.5,Final,7.0,-120
NYI,2023-03-24T23:00Z,401459738,CBJ,2022,New York Islanders,4,Columbus Blue Jackets,5,-145,,,285,,,False,DraftKings,14,100,4,OT,110,-130,1.5,Final/OT,6.5,-120
ARI,2023-03-25T01:00Z,401459737,COL,2022,Arizona Coyotes,1,Colorado Avalanche,3,550,,,-270,,,False,DraftKings,14,-115,3,REG,140,-165,-1.5,Final,6.0,-105
TB,2023-03-25T17:00Z,401459740,BOS,2022,Tampa Bay Lightning,1,Boston Bruins,2,210,,,-105,,,False,DraftKings,13,100,3,REG,-170,145,-1.5,Final,6.0,-120
DET,2023-03-25T17:00Z,401459752,PHI,2022,Detroit Red Wings,0,Philadelphia Flyers,3,175,,,115,,,False,DraftKings,14,-105,3,REG,-225,190,-1.5,Final,6.0,-115
SEA,2023-03-25T18:00Z,401459750,NSH,2022,Seattle Kraken,7,Nashville Predators,2,115,,,175,,,False,DraftKings,14,-115,3,REG,180,-210,1.5,Final,6.0,-105
SJ,2023-03-25T20:00Z,401459741,CGY,2022,San Jose Sharks,3,Calgary Flames,5,370,,,-190,,,False,DraftKings,14,-130,3,REG,105,-125,-1.5,Final,6.5,110
WPG,2023-03-25T20:00Z,401459746,LA,2022,Winnipeg Jets,1,Los Angeles Kings,4,155,,,130,,,False,DraftKings,14,-120,3,REG,-230,195,-1.5,Final,6.0,100
NYR,2023-03-25T21:00Z,401459745,FLA,2022,New York Rangers,4,Florida Panthers,3,160,,,120,,,False,DraftKings,14,110,3,REG,-205,175,-1.5,Final,7.0,-130
CHI,2023-03-25T21:00Z,401459747,MIN,2022,Chicago Blackhawks,1,Minnesota Wild,3,475,,,-225,,,False,DraftKings,14,-120,3,REG,110,-130,-1.5,Final,5.5,100
BUF,2023-03-25T21:00Z,401459749,NYI,2022,Buffalo Sabres,2,New York Islanders,0,205,,,-105,,,False,DraftKings,14,-120,3,REG,-175,150,-1.5,Final,6.5,100
TOR,2023-03-25T23:00Z,401459742,CAR,2022,Toronto Maple Leafs,3,Carolina Hurricanes,5,185,,,110,,,False,DraftKings,14,-110,3,REG,-205,175,-1.5,Final,6.0,-110
VAN,2023-03-25T23:00Z,401459743,DAL,2022,Vancouver Canucks,3,Dallas Stars,1,215,,,-110,,,False,DraftKings,14,-110,3,REG,-170,145,-1.5,Final,6.5,-110
CBJ,2023-03-25T23:00Z,401459748,MTL,2022,Columbus Blue Jackets,2,Montreal Canadiens,8,185,,,105,,,False,DraftKings,14,-120,3,REG,-195,165,-1.5,Final,6.5,100
OTT,2023-03-25T23:00Z,401459751,NJ,2022,Ottawa Senators,3,New Jersey Devils,5,240,,,-120,,,False,DraftKings,14,-120,3,REG,-150,130,-1.5,Final,6.5,100
WSH,2023-03-26T00:00Z,401459753,PIT,2022,Washington Capitals,3,Pittsburgh Penguins,4,180,,,110,,,False,DraftKings,14,-120,3,REG,-200,170,-1.5,Final,6.5,100
VGK,2023-03-26T02:00Z,401459744,EDM,2022,Vegas Golden Knights,4,Edmonton Oilers,3,225,,,-115,,,False,DraftKings,14,105,4,OT,-150,130,-1.5,Final/OT,7.0,-125
STL,2023-03-26T02:30Z,401459739,ANA,2022,St. Louis Blues,6,Anaheim Ducks,3,105,,,190,,,False,DraftKings,14,-110,3,REG,155,-180,1.5,Final,6.5,-110
COL,2023-03-26T19:00Z,401459754,ARI,2022,Colorado Avalanche,4,Arizona Coyotes,3,-180,,,370,,,False,DraftKings,13,-120,5,SO,-115,-105,1.5,Final/SO,6.0,100
BOS,2023-03-26T21:00Z,401459755,CAR,2022,Boston Bruins,4,Carolina Hurricanes,3,195,,,110,,,False,DraftKings,14,105,5,SO,-210,180,-1.5,Final/SO,5.5,-125
VAN,2023-03-26T22:00Z,401459756,CHI,2022,Vancouver Canucks,4,Chicago Blackhawks,2,-110,,,225,,,False,DraftKings,14,-125,3,REG,140,-165,1.5,Final,6.0,105
TOR,2023-03-26T22:00Z,401459758,NSH,2022,Toronto Maple Leafs,3,Nashville Predators,2,-120,,,235,,,False,DraftKings,14,-105,3,REG,130,-150,1.5,Final,6.5,-115
STL,2023-03-27T02:30Z,401459757,LA,2022,St. Louis Blues,6,Los Angeles Kings,7,310,,,-160,,,False,DraftKings,14,-120,3,REG,-120,100,-1.5,Final,6.5,100
MTL,2023-03-27T23:00Z,401459761,BUF,2022,Montreal Canadiens,4,Buffalo Sabres,3,210,,,-110,,,False,DraftKings,14,105,5,SO,-165,140,-1.5,Final/SO,7.0,-125
FLA,2023-03-27T23:00Z,401459764,OTT,2022,Florida Panthers,2,Ottawa Senators,5,105,,,180,,,False,DraftKings,14,-120,3,REG,160,-190,1.5,Final,7.0,100
NJ,2023-03-27T23:30Z,401459763,NYI,2022,New Jersey Devils,1,New York Islanders,5,130,,,160,,,False,DraftKings,14,-110,3,REG,205,-245,1.5,Final,6.0,-110
SEA,2023-03-28T00:00Z,401459762,MIN,2022,Seattle Kraken,1,Minnesota Wild,5,160,,,130,,,False,DraftKings,14,100,3,REG,-230,195,-1.5,Final,6.0,-120
COL,2023-03-28T02:00Z,401459759,ANA,2022,Colorado Avalanche,5,Anaheim Ducks,1,-165,,,330,,,False,DraftKings,13,-120,3,REG,-105,-115,1.5,Final,6.5,100
EDM,2023-03-28T02:00Z,401459760,ARI,2022,Edmonton Oilers,5,Arizona Coyotes,4,-200,,,380,,,False,DraftKings,14,-110,3,REG,-130,110,1.5,Final,7.0,-110
NSH,2023-03-28T23:00Z,401459765,BOS,2022,Nashville Predators,2,Boston Bruins,1,425,,,-195,,,False,DraftKings,14,-105,3,REG,100,-120,-1.5,Final,5.5,-115
TB,2023-03-28T23:00Z,401459767,CAR,2022,Tampa Bay Lightning,4,Carolina Hurricanes,0,175,,,115,,,False,DraftKings,13,-105,3,REG,-215,185,-1.5,Final,6.0,-115
PIT,2023-03-28T23:00Z,401459769,DET,2022,Pittsburgh Penguins,4,Detroit Red Wings,7,-120,,,240,,,False,DraftKings,14,100,3,REG,135,-155,1.5,Final,6.5,-120
CBJ,2023-03-28T23:00Z,401459770,NYR,2022,Columbus Blue Jackets,2,New York Rangers,6,475,,,-240,,,False,DraftKings,14,-135,3,REG,130,-150,-1.5,Final,6.5,115
MTL,2023-03-28T23:00Z,401459771,PHI,2022,Montreal Canadiens,2,Philadelphia Flyers,3,185,,,105,,,False,DraftKings,14,-105,3,REG,-200,170,-1.5,Final,6.5,-115
VAN,2023-03-29T00:00Z,401459773,STL,2022,Vancouver Canucks,5,St. Louis Blues,6,135,,,145,,,False,DraftKings,14,-135,4,OT,-265,225,-1.5,Final/OT,6.5,115
DAL,2023-03-29T00:30Z,401459768,CHI,2022,Dallas Stars,4,Chicago Blackhawks,1,-180,,,370,,,False,DraftKings,14,-115,3,REG,-110,-110,1.5,Final,5.5,-105
LA,2023-03-29T01:00Z,401459766,CGY,2022,Los Angeles Kings,1,Calgary Flames,2,180,,,110,,,False,DraftKings,14,-110,3,REG,-210,180,-1.5,Final,6.0,-110
EDM,2023-03-29T02:00Z,401459774,VGK,2022,Edmonton Oilers,7,Vegas Golden Knights,4,130,,,145,,,False,DraftKings,14,110,3,REG,195,-230,1.5,Final,7.0,-130
WPG,2023-03-29T02:30Z,401459772,SJ,2022,Winnipeg Jets,0,San Jose Sharks,3,-125,,,255,,,False,DraftKings,13,100,3,REG,125,-145,1.5,Final,6.5,-120
FLA,2023-03-29T23:30Z,401459776,TOR,2022,Florida Panthers,3,Toronto Maple Leafs,2,195,,,100,,,False,DraftKings,14,-115,4,OT,-170,145,-1.5,Final/OT,7.0,-105
NYI,2023-03-29T23:30Z,401459777,WSH,2022,New York Islanders,2,Washington Capitals,1,130,,,155,,,False,DraftKings,13,-105,5,SO,200,-240,1.5,Final/SO,6.0,-115
MIN,2023-03-30T02:00Z,401459775,COL,2022,Minnesota Wild,4,Colorado Avalanche,2,205,,,100,,,False,DraftKings,14,100,3,REG,-190,160,-1.5,Final,6.0,-120
CBJ,2023-03-30T23:00Z,401459778,BOS,2022,Columbus Blue Jackets,1,Boston Bruins,2,550,,,-280,,,False,DraftKings,14,-120,4,OT,160,-190,-1.5,Final/OT,6.5,100
FLA,2023-03-30T23:00Z,401459782,MTL,2022,Florida Panthers,5,Montreal Canadiens,2,-120,,,230,,,False,DraftKings,14,105,3,REG,125,-145,1.5,Final,7.0,-125
NYR,2023-03-30T23:00Z,401459783,NJ,2022,New York Rangers,1,New Jersey Devils,2,175,,,115,,,False,DraftKings,13,-105,3,REG,-210,180,-1.5,Final,6.5,-115
PHI,2023-03-30T23:00Z,401459784,OTT,2022,Philadelphia Flyers,4,Ottawa Senators,5,225,,,-115,,,False,DraftKings,14,-105,4,OT,-155,135,-1.5,Final/OT,6.5,-115
NSH,2023-03-30T23:00Z,401459785,PIT,2022,Nashville Predators,0,Pittsburgh Penguins,2,245,,,-125,,,False,DraftKings,14,-110,3,REG,-150,130,-1.5,Final,6.5,-110
WSH,2023-03-30T23:00Z,401459788,TB,2022,Washington Capitals,1,Tampa Bay Lightning,5,245,,,-125,,,False,DraftKings,13,-125,3,REG,-150,130,-1.5,Final,6.0,105
CAR,2023-03-30T23:30Z,401459780,DET,2022,Carolina Hurricanes,2,Detroit Red Wings,3,-135,,,280,,,False,DraftKings,14,-110,3,REG,125,-145,1.5,Final,5.5,-110
STL,2023-03-31T00:30Z,401459779,CHI,2022,St. Louis Blues,5,Chicago Blackhawks,3,105,,,190,,,False,DraftKings,14,-105,3,REG,165,-195,1.5,Final,6.5,-115
LA,2023-03-31T01:00Z,401459781,EDM,2022,Los Angeles Kings,0,Edmonton Oilers,2,230,,,-120,,,False,DraftKings,14,-140,3,REG,-150,130,-1.5,Final,6.5,120
ANA,2023-03-31T02:00Z,401459787,SEA,2022,Anaheim Ducks,1,Seattle Kraken,4,475,,,-240,,,False,DraftKings,13,-120,3,REG,130,-150,-1.5,Final,6.5,100
VGK,2023-03-31T02:30Z,401459786,SJ,2022,Vegas Golden Knights,3,San Jose Sharks,4,-110,,,225,,,False,DraftKings,13,-110,4,OT,135,-155,1.5,Final/OT,6.5,-110
NYR,2023-03-31T23:00Z,401459790,BUF,2022,New York Rangers,2,Buffalo Sabres,3,105,,,180,,,False,DraftKings,13,-130,4,OT,165,-195,1.5,Final/OT,6.5,110
DET,2023-04-01T00:00Z,401459792,WPG,2022,Detroit Red Wings,2,Winnipeg Jets,6,295,,,-145,,,False,DraftKings,13,-105,3,REG,-130,110,-1.5,Final,6.0,-115
CGY,2023-04-01T02:00Z,401459791,VAN,2022,Calgary Flames,5,Vancouver Canucks,4,115,,,170,,,False,DraftKings,14,-125,4,OT,175,-205,1.5,Final/OT,6.5,105
DAL,2023-04-01T02:30Z,401459789,ARI,2022,Dallas Stars,5,Arizona Coyotes,2,-140,,,290,,,False,DraftKings,14,-105,3,REG,115,-135,1.5,Final,6.0,-115
STL,2023-04-01T17:00Z,401459799,NSH,2022,St. Louis Blues,1,Nashville Predators,6,185,,,110,,,False,DraftKings,14,-110,3,REG,-205,175,-1.5,Final,6.0,-110
BOS,2023-04-01T19:00Z,401459802,PIT,2022,Boston Bruins,4,Pittsburgh Penguins,3,130,,,150,,,False,DraftKings,14,100,3,REG,210,-250,1.5,Final,6.5,-120
FLA,2023-04-01T23:00Z,401459796,CBJ,2022,Florida Panthers,7,Columbus Blue Jackets,0,-150,,,290,,,False,DraftKings,13,-105,3,REG,100,-120,1.5,Final,7.0,-115
CAR,2023-04-01T23:00Z,401459798,MTL,2022,Carolina Hurricanes,3,Montreal Canadiens,0,-155,,,320,,,False,DraftKings,13,100,3,REG,100,-120,1.5,Final,6.5,-120
TOR,2023-04-01T23:00Z,401459800,OTT,2022,Toronto Maple Leafs,3,Ottawa Senators,0,-105,,,200,,,False,DraftKings,13,-140,3,REG,150,-175,1.5,Final,6.5,120
BUF,2023-04-01T23:00Z,401459801,PHI,2022,Buffalo Sabres,6,Philadelphia Flyers,3,145,,,130,,,False,DraftKings,12,-130,3,REG,215,-255,1.5,Final,6.5,110
NYI,2023-04-01T23:00Z,401459804,TB,2022,New York Islanders,0,Tampa Bay Lightning,5,190,,,110,,,False,DraftKings,13,-115,3,REG,-205,175,-1.5,Final,5.5,-105
NJ,2023-04-02T00:00Z,401459794,CHI,2022,New Jersey Devils,6,Chicago Blackhawks,3,-210,,,425,,,False,DraftKings,13,-130,3,REG,-135,115,1.5,Final,6.0,110
DAL,2023-04-02T01:00Z,401459795,COL,2022,Dallas Stars,2,Colorado Avalanche,5,195,,,105,,,False,DraftKings,14,-110,3,REG,-190,160,-1.5,Final,6.0,-110
SJ,2023-04-02T02:00Z,401459793,ARI,2022,San Jose Sharks,7,Arizona Coyotes,2,130,,,150,,,False,DraftKings,12,-105,3,REG,205,-245,1.5,Final,6.5,-115
ANA,2023-04-02T02:00Z,401459797,EDM,2022,Anaheim Ducks,0,Edmonton Oilers,6,550,,,-300,,,False,DraftKings,14,-105,3,REG,160,-190,-1.5,Final,7.0,-115
LA,2023-04-02T02:00Z,401459803,SEA,2022,Los Angeles Kings,3,Seattle Kraken,1,150,,,130,,,False,DraftKings,14,-120,3,REG,-250,210,-1.5,Final,6.0,100
MIN,2023-04-02T02:00Z,401459805,VGK,2022,Minnesota Wild,1,Vegas Golden Knights,4,145,,,140,,,False,DraftKings,14,-110,3,REG,-265,225,-1.5,Final,6.0,-110
NYR,2023-04-02T17:00Z,401459813,WSH,2022,New York Rangers,5,Washington Capitals,2,115,,,175,,,False,DraftKings,13,-105,3,REG,190,-225,1.5,Final,6.0,-115
BOS,2023-04-02T19:30Z,401459810,STL,2022,Boston Bruins,4,St. Louis Blues,3,-145,,,290,,,False,DraftKings,14,-120,5,SO,105,-125,1.5,Final/SO,6.0,100
NYI,2023-04-02T22:00Z,401459807,CAR,2022,New York Islanders,1,Carolina Hurricanes,2,220,,,-105,,,False,DraftKings,14,-105,3,REG,-180,155,-1.5,Final,5.5,-115
OTT,2023-04-02T22:00Z,401459808,CBJ,2022,Ottawa Senators,3,Columbus Blue Jackets,4,-115,,,220,,,False,DraftKings,13,115,4,OT,130,-150,1.5,Final/OT,7.0,-135
PHI,2023-04-02T22:00Z,401459809,PIT,2022,Philadelphia Flyers,2,Pittsburgh Penguins,4,310,,,-155,,,False,DraftKings,13,-105,3,REG,-120,100,-1.5,Final,6.5,-115
DET,2023-04-02T23:00Z,401459811,TOR,2022,Detroit Red Wings,5,Toronto Maple Leafs,2,300,,,-150,,,False,DraftKings,14,-105,3,REG,-125,105,-1.5,Final,6.5,-115
NJ,2023-04-02T23:00Z,401459814,WPG,2022,New Jersey Devils,1,Winnipeg Jets,6,140,,,140,,,False,DraftKings,13,-120,3,REG,-265,225,-1.5,Final,6.0,100
ANA,2023-04-03T00:00Z,401459806,CGY,2022,Anaheim Ducks,4,Calgary Flames,5,650,,,-320,,,False,DraftKings,14,-110,3,REG,170,-200,-1.5,Final,6.5,-110
LA,2023-04-03T00:00Z,401459812,VAN,2022,Los Angeles Kings,4,Vancouver Canucks,1,135,,,150,,,False,DraftKings,14,-105,3,REG,205,-245,1.5,Final,6.5,-115
VGK,2023-04-04T00:00Z,401459816,MIN,2022,Vegas Golden Knights,4,Minnesota Wild,3,185,,,110,,,False,DraftKings,14,100,5,SO,-210,180,-1.5,Final/SO,6.0,-120
NSH,2023-04-04T00:30Z,401459815,DAL,2022,Nashville Predators,1,Dallas Stars,5,265,,,-130,,,False,DraftKings,14,100,3,REG,-140,120,-1.5,Final,6.0,-120
ARI,2023-04-04T02:00Z,401459817,SEA,2022,Arizona Coyotes,1,Seattle Kraken,8,390,,,-195,,,False,DraftKings,14,-115,3,REG,105,-125,-1.5,Final,6.5,-105
OTT,2023-04-04T23:00Z,401459819,CAR,2022,Ottawa Senators,2,Carolina Hurricanes,3,340,,,-165,,,False,DraftKings,14,-120,4,OT,-115,-105,-1.5,Final/OT,6.0,100
BUF,2023-04-04T23:00Z,401459820,FLA,2022,Buffalo Sabres,1,Florida Panthers,2,225,,,-120,,,False,DraftKings,14,-125,3,REG,-145,125,-1.5,Final,7.0,105
DET,2023-04-04T23:00Z,401459822,MTL,2022,Detroit Red Wings,5,Montreal Canadiens,0,130,,,155,,,False,DraftKings,14,-120,3,REG,205,-245,1.5,Final,6.0,100
PIT,2023-04-04T23:00Z,401459824,NJ,2022,Pittsburgh Penguins,1,New Jersey Devils,5,200,,,-105,,,False,DraftKings,13,-125,3,REG,-175,150,-1.5,Final,6.5,105
CBJ,2023-04-04T23:00Z,401459827,TOR,2022,Columbus Blue Jackets,2,Toronto Maple Leafs,4,550,,,-275,,,False,DraftKings,14,110,3,REG,155,-180,-1.5,Final,7.0,-130
VGK,2023-04-05T00:00Z,401459823,NSH,2022,Vegas Golden Knights,2,Nashville Predators,3,115,,,175,,,False,DraftKings,14,-105,4,OT,185,-215,1.5,Final/OT,6.0,-115
PHI,2023-04-05T00:00Z,401459826,STL,2022,Philadelphia Flyers,2,St. Louis Blues,4,160,,,125,,,False,DraftKings,14,-110,3,REG,-230,195,-1.5,Final,6.5,-110
CHI,2023-04-05T01:00Z,401459818,CGY,2022,Chicago Blackhawks,4,Calgary Flames,3,500,,,-260,,,False,DraftKings,13,-120,3,REG,135,-155,-1.5,Final,6.0,100
SEA,2023-04-05T02:00Z,401459828,VAN,2022,Seattle Kraken,5,Vancouver Canucks,2,135,,,145,,,False,DraftKings,13,-130,3,REG,210,-250,1.5,Final,6.5,110
EDM,2023-04-05T02:30Z,401459821,LA,2022,Edmonton Oilers,3,Los Angeles Kings,1,115,,,175,,,False,DraftKings,14,-120,3,REG,175,-205,1.5,Final,6.5,100
COL,2023-04-05T02:30Z,401459825,SJ,2022,Colorado Avalanche,4,San Jose Sharks,3,-145,,,295,,,False,DraftKings,14,-120,4,OT,110,-130,1.5,Final/OT,6.0,100
TB,2023-04-05T23:30Z,401459830,NYR,2022,Tampa Bay Lightning,3,New York Rangers,6,160,,,130,,,False,DraftKings,14,-120,3,REG,-240,200,-1.5,Final,5.5,100
CGY,2023-04-05T23:30Z,401459831,WPG,2022,Calgary Flames,3,Winnipeg Jets,1,180,,,110,,,False,DraftKings,13,100,3,REG,-210,180,-1.5,Final,6.0,-120
EDM,2023-04-06T02:00Z,401459829,ANA,2022,Edmonton Oilers,3,Anaheim Ducks,1,-210,,,400,,,False,DraftKings,14,-110,3,REG,-140,120,1.5,Final,7.0,-110
TOR,2023-04-06T23:00Z,401459832,BOS,2022,Toronto Maple Leafs,1,Boston Bruins,2,190,,,105,,,False,DraftKings,14,-110,4,OT,-200,170,-1.5,Final/OT,6.0,-110
BUF,2023-04-06T23:00Z,401459834,DET,2022,Buffalo Sabres,7,Detroit Red Wings,6,145,,,135,,,False,DraftKings,14,-135,5,SO,215,-255,1.5,Final/SO,6.5,115
OTT,2023-04-06T23:00Z,401459835,FLA,2022,Ottawa Senators,2,Florida Panthers,7,300,,,-155,,,False,DraftKings,14,105,3,REG,-110,-110,-1.5,Final,7.0,-125
WSH,2023-04-06T23:00Z,401459836,MTL,2022,Washington Capitals,2,Montreal Canadiens,6,105,,,195,,,False,DraftKings,14,-110,3,REG,155,-180,1.5,Final,6.5,-110
CBJ,2023-04-06T23:00Z,401459839,NJ,2022,Columbus Blue Jackets,1,New Jersey Devils,8,500,,,-265,,,False,DraftKings,14,105,3,REG,145,-170,-1.5,Final,7.0,-125
MIN,2023-04-06T23:00Z,401459840,PIT,2022,Minnesota Wild,1,Pittsburgh Penguins,4,165,,,120,,,False,DraftKings,14,-115,3,REG,-230,195,-1.5,Final,6.0,-105
TB,2023-04-06T23:30Z,401459837,NYI,2022,Tampa Bay Lightning,1,New York Islanders,6,190,,,110,,,False,DraftKings,14,-120,3,REG,-195,165,-1.5,Final,5.5,100
CAR,2023-04-07T00:00Z,401459838,NSH,2022,Carolina Hurricanes,0,Nashville Predators,3,-120,,,255,,,False,DraftKings,14,-120,3,REG,135,-155,1.5,Final,5.5,100
NYR,2023-04-07T00:00Z,401459843,STL,2022,New York Rangers,2,St. Louis Blues,3,-105,,,205,,,False,DraftKings,14,-115,4,OT,150,-175,1.5,Final/OT,6.5,-105
PHI,2023-04-07T00:30Z,401459833,DAL,2022,Philadelphia Flyers,1,Dallas Stars,4,295,,,-145,,,False,DraftKings,13,-115,3,REG,-130,110,-1.5,Final,6.0,-105
CHI,2023-04-07T02:00Z,401459844,VAN,2022,Chicago Blackhawks,0,Vancouver Canucks,3,285,,,-145,,,False,DraftKings,14,-120,3,REG,-130,110,-1.5,Final,6.5,100
LA,2023-04-07T02:00Z,401459845,VGK,2022,Los Angeles Kings,2,Vegas Golden Knights,5,155,,,130,,,False,DraftKings,14,-110,3,REG,-245,205,-1.5,Final,6.0,-110
COL,2023-04-07T02:30Z,401459841,SJ,2022,Colorado Avalanche,6,San Jose Sharks,2,-150,,,300,,,False,DraftKings,14,-120,3,REG,105,-125,1.5,Final,6.5,100
ARI,2023-04-07T02:30Z,401459842,SEA,2022,Arizona Coyotes,2,Seattle Kraken,4,425,,,-210,,,False,DraftKings,14,-105,3,REG,110,-130,-1.5,Final,6.5,-115
CAR,2023-04-08T16:30Z,401459848,BUF,2022,Carolina Hurricanes,3,Buffalo Sabres,4,-110,,,220,,,False,DraftKings,14,,3,REG,145,-170,1.5,Final,,
PIT,2023-04-08T17:00Z,401459851,DET,2022,Pittsburgh Penguins,5,Detroit Red Wings,1,-115,,,225,,,False,DraftKings,14,,3,REG,135,-155,1.5,Final,,
VGK,2023-04-08T19:30Z,401459850,DAL,2022,Vegas Golden Knights,1,Dallas Stars,2,205,,,100,,,False,DraftKings,14,,5,SO,-175,150,-1.5,Final/SO,,
EDM,2023-04-08T20:00Z,401459856,SJ,2022,Edmonton Oilers,6,San Jose Sharks,1,-185,,,360,,,False,DraftKings,14,,3,REG,-120,100,1.5,Final,,
ANA,2023-04-08T21:30Z,401459846,ARI,2022,Anaheim Ducks,4,Arizona Coyotes,5,185,,,105,,,False,DraftKings,14,,4,OT,-200,170,-1.5,Final/OT,,
NYR,2023-04-08T23:00Z,401459849,CBJ,2022,New York Rangers,4,Columbus Blue Jackets,0,-205,,,400,,,False,DraftKings,14,,3,REG,-130,110,1.5,Final,,
TB,2023-04-08T23:00Z,401459855,OTT,2022,Tampa Bay Lightning,4,Ottawa Senators,7,110,,,180,,,False,DraftKings,14,,3,REG,165,-195,1.5,Final,,
MTL,2023-04-08T23:00Z,401459858,TOR,2022,Montreal Canadiens,1,Toronto Maple Leafs,7,425,,,-220,,,False,DraftKings,14,,3,REG,120,-140,-1.5,Final,,
FLA,2023-04-08T23:00Z,401459860,WSH,2022,Florida Panthers,4,Washington Capitals,2,-115,,,220,,,False,DraftKings,14,,3,REG,140,-165,1.5,Final,,
NSH,2023-04-08T23:00Z,401459861,WPG,2022,Nashville Predators,0,Winnipeg Jets,2,245,,,-115,,,False,DraftKings,14,,3,REG,-155,135,-1.5,Final,,
PHI,2023-04-08T23:30Z,401459854,NYI,2022,Philadelphia Flyers,0,New York Islanders,4,360,,,-175,,,False,DraftKings,14,,3,REG,-115,-105,-1.5,Final,,
NJ,2023-04-09T00:00Z,401459847,BOS,2022,New Jersey Devils,1,Boston Bruins,2,200,,,105,,,False,DraftKings,14,,3,REG,-195,165,-1.5,Final,,
STL,2023-04-09T00:00Z,401459853,MIN,2022,St. Louis Blues,3,Minnesota Wild,5,310,,,-150,,,False,DraftKings,14,,3,REG,-120,100,-1.5,Final,,
CHI,2023-04-09T02:00Z,401459857,SEA,2022,Chicago Blackhawks,3,Seattle Kraken,7,475,,,-235,,,False,DraftKings,14,,3,REG,125,-145,-1.5,Final,,
CGY,2023-04-09T02:00Z,401459859,VAN,2022,Calgary Flames,2,Vancouver Canucks,3,-105,,,205,,,False,DraftKings,14,,5,SO,150,-175,1.5,Final/SO,,
COL,2023-04-09T02:30Z,401459852,LA,2022,Colorado Avalanche,4,Los Angeles Kings,3,125,,,165,,,False,DraftKings,14,,3,REG,205,-245,1.5,Final,,
BOS,2023-04-09T22:00Z,401459863,PHI,2022,Boston Bruins,5,Philadelphia Flyers,3,-160,,,330,,,False,DraftKings,14,,3,REG,105,-125,1.5,Final,,
COL,2023-04-10T00:30Z,401459862,ANA,2022,Colorado Avalanche,5,Anaheim Ducks,4,-210,,,400,,,False,DraftKings,13,,4,OT,-140,120,1.5,Final/OT,,
DAL,2023-04-10T23:00Z,401459867,DET,2022,Dallas Stars,6,Detroit Red Wings,1,-110,,,225,,,False,DraftKings,14,,3,REG,140,-165,1.5,Final,,
TOR,2023-04-10T23:00Z,401459868,FLA,2022,Toronto Maple Leafs,2,Florida Panthers,1,180,,,110,,,False,DraftKings,14,,4,OT,-195,165,-1.5,Final/OT,,
BUF,2023-04-10T23:00Z,401459870,NYR,2022,Buffalo Sabres,3,New York Rangers,2,265,,,-135,,,False,DraftKings,13,,5,SO,-135,115,-1.5,Final/SO,,
CAR,2023-04-10T23:00Z,401459871,OTT,2022,Carolina Hurricanes,2,Ottawa Senators,3,-110,,,220,,,False,DraftKings,14,,3,REG,135,-155,1.5,Final,,
NYI,2023-04-10T23:00Z,401459872,WSH,2022,New York Islanders,2,Washington Capitals,5,-115,,,240,,,False,DraftKings,14,,3,REG,140,-165,1.5,Final,,
SJ,2023-04-10T23:00Z,401459873,WPG,2022,San Jose Sharks,2,Winnipeg Jets,6,425,,,-215,,,False,DraftKings,14,,3,REG,115,-135,-1.5,Final,,
MIN,2023-04-11T01:00Z,401459866,CHI,2022,Minnesota Wild,4,Chicago Blackhawks,2,-150,,,310,,,False,DraftKings,14,,3,REG,105,-125,1.5,Final,,
NSH,2023-04-11T01:30Z,401459865,CGY,2022,Nashville Predators,3,Calgary Flames,2,280,,,-135,,,False,DraftKings,14,,5,SO,-145,125,-1.5,Final/SO,,
SEA,2023-04-11T02:00Z,401459864,ARI,2022,Seattle Kraken,4,Arizona Coyotes,1,-150,,,295,,,False,DraftKings,14,,3,REG,105,-125,1.5,Final,,
VAN,2023-04-11T02:30Z,401459869,LA,2022,Vancouver Canucks,0,Los Angeles Kings,3,245,,,-120,,,False,DraftKings,14,,3,REG,-150,130,-1.5,Final,,
WSH,2023-04-11T23:00Z,401459875,BOS,2022,Washington Capitals,2,Boston Bruins,5,425,,,-210,,,False,DraftKings,13,,3,REG,115,-135,-1.5,Final,,
DET,2023-04-11T23:00Z,401459876,CAR,2022,Detroit Red Wings,1,Carolina Hurricanes,4,400,,,-195,,,False,DraftKings,14,,3,REG,100,-120,-1.5,Final,,
BUF,2023-04-11T23:00Z,401459879,NJ,2022,Buffalo Sabres,2,New Jersey Devils,6,300,,,-155,,,False,DraftKings,14,,3,REG,-110,-110,-1.5,Final,,
CBJ,2023-04-11T23:00Z,401459880,PHI,2022,Columbus Blue Jackets,3,Philadelphia Flyers,4,240,,,-125,,,False,DraftKings,14,,4,OT,-145,125,-1.5,Final/OT,,
TOR,2023-04-11T23:00Z,401459882,TB,2022,Toronto Maple Leafs,4,Tampa Bay Lightning,3,270,,,-135,,,False,DraftKings,14,,3,REG,-130,110,-1.5,Final,,
CHI,2023-04-11T23:30Z,401459881,PIT,2022,Chicago Blackhawks,5,Pittsburgh Penguins,2,650,,,-330,,,False,DraftKings,14,,3,REG,180,-210,-1.5,Final,,
WPG,2023-04-12T00:00Z,401459878,MIN,2022,Winnipeg Jets,3,Minnesota Wild,1,160,,,130,,,False,DraftKings,14,,3,REG,-250,210,-1.5,Final,,
EDM,2023-04-12T01:30Z,401459877,COL,2022,Edmonton Oilers,2,Colorado Avalanche,1,135,,,145,,,False,DraftKings,14,,4,OT,210,-250,1.5,Final/OT,,
VAN,2023-04-12T02:00Z,401459874,ANA,2022,Vancouver Canucks,3,Anaheim Ducks,2,105,,,190,,,False,DraftKings,13,,3,REG,160,-190,1.5,Final,,
SEA,2023-04-12T02:00Z,401459883,VGK,2022,Seattle Kraken,1,Vegas Golden Knights,4,195,,,105,,,False,DraftKings,14,,3,REG,-190,160,-1.5,Final,,
MTL,2023-04-12T23:00Z,401459885,NYI,2022,Montreal Canadiens,2,New York Islanders,4,450,,,-215,,,False,DraftKings,14,,3,REG,110,-130,-1.5,Final,,
DAL,2023-04-12T23:30Z,401459886,STL,2022,Dallas Stars,5,St. Louis Blues,2,100,,,205,,,False,DraftKings,14,,3,REG,155,-180,1.5,Final,,
SJ,2023-04-13T02:00Z,401459884,CGY,2022,San Jose Sharks,1,Calgary Flames,3,320,,,-160,,,False,DraftKings,14,,3,REG,-115,-105,-1.5,Final,,
OTT,2023-04-13T23:00Z,401459889,BUF,2022,Ottawa Senators,3,Buffalo Sabres,4,160,,,115,,,False,DraftKings,14,,4,OT,-205,175,-1.5,Final/OT,,
PIT,2023-04-13T23:00Z,401459892,CBJ,2022,Pittsburgh Penguins,2,Columbus Blue Jackets,3,-145,,,285,,,False,DraftKings,13,,4,OT,100,-120,1.5,Final/OT,,
CAR,2023-04-13T23:00Z,401459895,FLA,2022,Carolina Hurricanes,6,Florida Panthers,4,145,,,140,,,False,DraftKings,14,,3,REG,-260,220,-1.5,Final,,
BOS,2023-04-13T23:00Z,401459896,MTL,2022,Boston Bruins,5,Montreal Canadiens,4,-200,,,400,,,False,DraftKings,14,,3,REG,-135,115,1.5,Final,,
TOR,2023-04-13T23:00Z,401459897,NYR,2022,Toronto Maple Leafs,3,New York Rangers,2,180,,,110,,,False,DraftKings,14,,3,REG,-205,175,-1.5,Final,,
DET,2023-04-13T23:00Z,401459900,TB,2022,Detroit Red Wings,0,Tampa Bay Lightning,5,295,,,-150,,,False,DraftKings,14,,3,REG,-125,105,-1.5,Final,,
NJ,2023-04-13T23:00Z,401459901,WSH,2022,New Jersey Devils,5,Washington Capitals,4,-105,,,205,,,False,DraftKings,14,,4,OT,150,-175,1.5,Final/OT,,
WPG,2023-04-14T00:00Z,401459891,COL,2022,Winnipeg Jets,2,Colorado Avalanche,4,380,,,-195,,,False,DraftKings,14,,3,REG,-105,-115,-1.5,Final,,
STL,2023-04-14T00:00Z,401459893,DAL,2022,St. Louis Blues,0,Dallas Stars,1,350,,,-175,,,False,DraftKings,14,,3,REG,-110,-110,-1.5,Final,,
MIN,2023-04-14T00:00Z,401459898,NSH,2022,Minnesota Wild,3,Nashville Predators,4,185,,,115,,,False,DraftKings,13,,4,OT,-215,185,-1.5,Final/OT,,
PHI,2023-04-14T00:30Z,401459890,CHI,2022,Philadelphia Flyers,5,Chicago Blackhawks,4,140,,,145,,,False,DraftKings,14,,4,OT,225,-265,1.5,Final/OT,,
SJ,2023-04-14T01:00Z,401459894,EDM,2022,San Jose Sharks,2,Edmonton Oilers,5,600,,,-320,,,False,DraftKings,14,,3,REG,175,-205,-1.5,Final,,
LA,2023-04-14T02:00Z,401459887,ANA,2022,Los Angeles Kings,5,Anaheim Ducks,3,-155,,,310,,,False,DraftKings,14,,3,REG,-105,-115,1.5,Final,,
VAN,2023-04-14T02:00Z,401459888,ARI,2022,Vancouver Canucks,5,Arizona Coyotes,4,105,,,185,,,False,DraftKings,14,,4,OT,165,-195,1.5,Final/OT,,
VGK,2023-04-14T02:30Z,401459899,SEA,2022,Vegas Golden Knights,3,Seattle Kraken,1,130,,,155,,,False,DraftKings,14,,3,REG,210,-250,1.5,Final,,
BUF,2023-04-14T23:30Z,401519678,CBJ,2022,Buffalo Sabres,5,Columbus Blue Jackets,2,-115,,,225,,,False,DraftKings,13,,3,REG,130,-150,1.5,Final,,
COL,2023-04-15T00:00Z,401507549,NSH,2022,Colorado Avalanche,4,Nashville Predators,3,-145,,,300,,,False,DraftKings,14,,3,REG,115,-135,1.5,Final,,
